{"stats":{"minecraft:killed":{"skinwalker_overhaul:skinwalker_overhaul":1,"minecraft:sheep":2,"kevin_trophy:zombie_brute":1},"minecraft:custom":{"minecraft:interact_with_furnace":29,"minecraft:mob_kills":3,"minecraft:interact_with_crafting_table":22,"minecraft:leave_game":2,"minecraft:time_since_death":122,"minecraft:time_since_rest":152,"minecraft:sprint_one_cm":116395,"minecraft:damage_taken":10245,"minecraft:walk_one_cm":472706,"minecraft:drop":11,"minecraft:damage_dealt":3993,"minecraft:swim_one_cm":1708,"minecraft:fly_one_cm":124797,"minecraft:open_chest":57,"minecraft:crouch_one_cm":7007,"minecraft:play_time":94159,"minecraft:deaths":40,"minecraft:sneak_time":2736,"minecraft:walk_under_water_one_cm":6086,"minecraft:jump":1189,"minecraft:interact_with_blast_furnace":1,"minecraft:walk_on_water_one_cm":21075,"minecraft:total_world_time":94159,"minecraft:interact_with_smoker":8,"minecraft:fall_one_cm":27049},"minecraft:crafted":{"minecraft:oak_door":3,"minecraft:smooth_stone":3,"minecraft:oak_planks":76,"minecraft:cobblestone_slab":12,"minecraft:stone_shovel":2,"minecraft:crafting_table":2,"minecraft:furnace":1,"minecraft:blast_furnace":1,"minecraft:stone":10,"minecraft:bucket":1,"minecraft:oak_wood":6,"minecraft:birch_planks":8,"minecraft:stone_axe":3,"minecraft:cooked_mutton":3,"minecraft:painting":1,"minecraft:air":0,"create:crafting_blueprint":1,"minecraft:stick":28,"minecraft:iron_ingot":16,"minecraft:stone_pickaxe":3,"minecraft:stone_sword":1,"minecraft:chest":2,"marbledsarsenal:baseball_bat":2,"minecraft:white_bed":1,"minecraft:torch":28},"minecraft:used":{"marbledsarsenal:baseball_bat":123,"minecraft:cooked_mutton":2,"minecraft:water_bucket":13,"minecraft:stone_sword":96,"minecraft:birch_planks":2,"minecraft:stone_shovel":43,"minecraft:stone_pickaxe":179,"minecraft:chest":3,"minecraft:stone":7,"minecraft:cobblestone_slab":7,"minecraft:player_head":5,"minecraft:oak_door":1,"minecraft:torch":14,"minecraft:dirt":53,"minecraft:crafting_table":3,"minecraft:blast_furnace":1,"minecraft:white_bed":3,"minecraft:oak_wood":4,"minecraft:granite":4,"minecraft:smoker":3,"minecraft:oak_log":5,"create:crafting_blueprint":9,"minecraft:stone_axe":29,"minecraft:cobblestone":16,"minecraft:written_book":1,"minecraft:furnace":2,"minecraft:bucket":13,"minecraft:egg":2,"minecraft:dandelion":3},"minecraft:mined":{"minecraft:white_bed":2,"minecraft:mossy_cobblestone":3,"minecraft:player_wall_head":3,"minecraft:smoker":3,"minecraft:dandelion":8,"minecraft:crafting_table":2,"minecraft:torch":1,"minecraft:granite":1,"minecraft:grass_block":40,"minecraft:chest":2,"minecraft:redstone_wire":4,"minecraft:cobblestone":10,"minecraft:wall_torch":2,"minecraft:furnace":2,"minecraft:birch_log":2,"minecraft:iron_ore":1,"minecraft:fire":2,"minecraft:andesite":12,"minecraft:birch_leaves":7,"minecraft:stripped_oak_wood":4,"minecraft:grass":11,"minecraft:pointed_dripstone":5,"minecraft:oak_log":21,"minecraft:coal_ore":16,"minecraft:dirt":29,"minecraft:stripped_oak_log":4,"minecraft:cobweb":25,"minecraft:stone":122,"minecraft:player_head":2,"minecraft:oak_leaves":6},"minecraft:killed_by":{"decayingmobsbackport:weeping_chaser":3,"vivilly_dweller:vivilly_dweller":1,"man:managgresive":2,"sanitydim:sneaking_terror":1,"skinwalker_overhaul:skinwalker_overhaul":1,"kevin_trophy:zombie_brute":23,"mutantmonsters:mutant_skeleton":1,"minecraft:zombie":1,"torture:torture":1,"jacky:jacky":2,"assimilator:assimilator":2,"mimicer:mimicer":1},"minecraft:picked_up":{"minecraft:stripped_oak_log":8,"minecraft:birch_log":2,"minecraft:crafting_table":2,"minecraft:water_bucket":3,"minecraft:andesite":52,"minecraft:smoker":3,"create:raw_zinc":16,"minecraft:oak_log":30,"minecraft:tuff":2,"marbledsarsenal:baseball_bat":21,"minecraft:cobblestone_stairs":1,"minecraft:dirt":128,"minecraft:string":23,"minecraft:raw_copper":76,"minecraft:cooked_salmon":46,"minecraft:netherite_scrap":2,"minecraft:cooked_mutton":1,"minecraft:wheat_seeds":3,"minecraft:cobbled_deepslate":3,"minecraft:bucket":2,"minecraft:stone_pickaxe":21,"minecraft:stripped_oak_wood":4,"minecraft:player_head":6,"minecraft:iron_pickaxe":1,"minecraft:chest":1,"minecraft:oak_planks":72,"minecraft:furnace":2,"minecraft:egg":2,"minecraft:stick":20,"minecraft:raw_iron":26,"minecraft:torch":30,"minecraft:dandelion":9,"minecraft:gravel":4,"minecraft:diorite":2,"minecraft:pointed_dripstone":19,"minecraft:white_bed":2,"minecraft:redstone":4,"minecraft:stone_sword":5,"minecraft:stone_shovel":4,"minecraft:stone_axe":15,"minecraft:granite":12,"minecraft:bone_meal":14,"create:crafting_blueprint":8,"minecraft:mutton":3,"minecraft:coal":30,"minecraft:white_wool":4,"minecraft:cobblestone":500},"minecraft:broken":{"minecraft:stone_axe":1},"minecraft:dropped":{"minecraft:water_bucket":1,"minecraft:stone_axe":1,"minecraft:wheat_seeds":1,"minecraft:cobblestone":11,"minecraft:oak_planks":24,"minecraft:coal":47,"minecraft:stick":2,"minecraft:cooked_salmon":3,"minecraft:stone_pickaxe":1,"marbledsarsenal:baseball_bat":1,"minecraft:bucket":1}},"DataVersion":3120}