{"stats":{"minecraft:broken":{"minecraft:stone_sword":2,"minecraft:stone_pickaxe":3,"minecraft:stone_shovel":6},"minecraft:killed_by":{"decayingmobsbackport:weeping_chaser":4,"minecraft:player":1,"rottencreatures:glacial_hunter":1,"jacky:jacky":8,"facelesssteve:facelesszombie":11,"mimicer:mimicer":1,"vivilly_dweller:vivilly_dweller":7,"sanitydim:sneaking_terror":2,"skinwalker_overhaul:skinwalker_overhaul":10,"mutantmonsters:mutant_skeleton":3,"minecraft:skeleton":2,"minecraft:zombie":3,"torture:torture":4,"assimilator:assimilator":2,"kim_dweller:kim_dweller":7,"rottencreatures:frostbitten":1,"rottencreatures:undead_miner":1,"krampus:krampus":2},"minecraft:custom":{"minecraft:mob_kills":131,"minecraft:interact_with_crafting_table":116,"minecraft:interact_with_campfire":5,"minecraft:leave_game":13,"minecraft:time_since_death":8370,"minecraft:climb_one_cm":848,"minecraft:sprint_one_cm":506251,"minecraft:walk_one_cm":1809431,"minecraft:drop":78,"minecraft:play_time":383784,"minecraft:sneak_time":58570,"minecraft:deaths":75,"minecraft:walk_under_water_one_cm":10486,"minecraft:boat_one_cm":19474,"minecraft:jump":2233,"minecraft:walk_on_water_one_cm":12732,"minecraft:total_world_time":383784,"minecraft:interact_with_furnace":26,"minecraft:time_since_rest":8395,"minecraft:damage_taken":23312,"minecraft:damage_dealt":38908,"minecraft:player_kills":3,"minecraft:fly_one_cm":112421,"minecraft:open_chest":614,"minecraft:crouch_one_cm":175849,"minecraft:fall_one_cm":65940},"minecraft:used":{"minecraft:beetroot":4,"minecraft:stone_sword":769,"minecraft:flint_and_steel":1,"minecraft:stone_shovel":830,"minecraft:chest":6,"decayingmobsbackport:eyeball":3,"minecraft:stone_hoe":7,"minecraft:rotten_flesh":22,"minecraft:torch":24,"minecraft:dirt":39,"minecraft:cobblestone_wall":24,"minecraft:carrot":3,"minecraft:snowball":537,"minecraft:obsidian":10,"minecraft:dark_oak_planks":55,"minecraft:lava_bucket":6,"minecraft:oak_stairs":3,"minecraft:dark_oak_slab":450,"minecraft:dark_oak_boat":24,"minecraft:oak_sapling":7,"minecraft:furnace":5,"minecraft:beetroot_seeds":11,"rottencreatures:frozen_rotten_flesh":2,"minecraft:pumpkin":6,"minecraft:dark_oak_sapling":49,"minecraft:wheat_seeds":14,"minecraft:water_bucket":8,"minecraft:snow_block":2,"minecraft:stone_pickaxe":857,"minecraft:cactus":1,"minecraft:wooden_pickaxe":29,"minecraft:cobblestone_slab":198,"minecraft:white_wool":1,"minecraft:sand":1,"minecraft:crafting_table":4,"minecraft:white_bed":1,"minecraft:campfire":1,"decayingmobsbackport:eye_of_the_limb_snatcher":2,"minecraft:pumpkin_seeds":4,"minecraft:dark_oak_door":21,"minecraft:wooden_hoe":5,"minecraft:melon_slice":4,"minecraft:iron_pickaxe":14,"minecraft:stone_axe":379,"minecraft:cobblestone":79,"minecraft:bucket":11,"minecraft:ice":2},"minecraft:picked_up":{"minecraft:fishing_rod":2,"rottencreatures:frozen_rotten_flesh":29,"minecraft:crafting_table":1,"minecraft:wheat":8,"minecraft:chicken":1,"minecraft:wooden_pickaxe":2,"minecraft:oak_stairs":3,"minecraft:string":29,"minecraft:moss_carpet":1,"minecraft:blue_orchid":1,"minecraft:beetroot":5,"decayingmobsbackport:eyeball":6,"minecraft:cobblestone_slab":61,"minecraft:poppy":1,"minecraft:iron_pickaxe":1,"minecraft:melon_slice":12,"minecraft:chest":2,"minecraft:furnace":2,"minecraft:dark_oak_door":26,"minecraft:dark_oak_sapling":46,"minecraft:stick":60,"minecraft:raw_iron":2,"minecraft:torch":27,"minecraft:carrot":9,"minecraft:dark_oak_planks":136,"minecraft:stone_sword":30,"minecraft:arrow":24,"minecraft:cactus":3,"minecraft:rotten_flesh":99,"minecraft:stone_shovel":5,"minecraft:beetroot_seeds":13,"minecraft:pink_tulip":1,"minecraft:cod":1,"minecraft:snowball":1193,"minecraft:white_wool":3,"minecraft:cobblestone":854,"minecraft:oxeye_daisy":1,"minecraft:leather":2,"minecraft:dark_oak_boat":13,"minecraft:oak_log":39,"minecraft:cobblestone_wall":17,"minecraft:gunpowder":18,"minecraft:wooden_hoe":1,"minecraft:dirt":99,"minecraft:bone":12,"minecraft:apple":7,"minecraft:wheat_seeds":22,"minecraft:stone_pickaxe":13,"minecraft:moss_block":2,"minecraft:dark_oak_slab":912,"decayingmobsbackport:spirit_of_the_snatcher":1,"minecraft:pumpkin":8,"minecraft:quartz":1,"minecraft:dandelion":1,"minecraft:sand":13,"minecraft:dark_oak_log":340,"minecraft:spider_eye":6,"minecraft:stone_axe":30,"minecraft:rooted_dirt":1,"minecraft:oak_sapling":34},"minecraft:mined":{"minecraft:dark_oak_planks":19,"minecraft:oak_sapling":1,"minecraft:farmland":1,"minecraft:dark_oak_leaves":16,"minecraft:dark_oak_log":258,"minecraft:grass_block":30,"minecraft:oxeye_daisy":1,"minecraft:rooted_dirt":1,"minecraft:furnace":2,"minecraft:carrots":3,"minecraft:fire":5,"minecraft:snow":824,"minecraft:pumpkin":8,"minecraft:cobblestone_slab":10,"minecraft:oak_stairs":5,"minecraft:pink_tulip":1,"minecraft:blue_orchid":1,"minecraft:dandelion":1,"minecraft:crafting_table":1,"minecraft:torch":2,"minecraft:poppy":1,"minecraft:melon":3,"minecraft:chest":2,"minecraft:tall_grass":6,"minecraft:cobblestone":866,"minecraft:cactus":2,"minecraft:dark_oak_slab":16,"minecraft:dark_oak_door":4,"minecraft:wheat":8,"minecraft:ice":4,"minecraft:grass":4,"minecraft:oak_log":39,"minecraft:beetroots":5,"minecraft:sand":13,"minecraft:dirt":44,"minecraft:oak_leaves":53,"minecraft:fern":3},"minecraft:dropped":{"minecraft:stone_hoe":2,"minecraft:moss_block":1,"minecraft:dark_oak_slab":353,"minecraft:cobblestone":88,"minecraft:apple":1,"minecraft:dirt":6,"minecraft:torch":56,"minecraft:dark_oak_planks":35,"minecraft:bucket":1,"minecraft:dark_oak_door":2,"minecraft:stone_axe":15,"minecraft:stone_sword":2,"minecraft:cobblestone_wall":18,"minecraft:wheat":1,"minecraft:stone_shovel":2,"minecraft:beetroot":1,"minecraft:rotten_flesh":1,"minecraft:filled_map":1,"minecraft:cobblestone_slab":201,"minecraft:oak_sapling":1,"rottencreatures:frozen_rotten_flesh":1,"minecraft:wooden_pickaxe":2,"minecraft:stone_pickaxe":5},"minecraft:killed":{"facelesssteve:facelesscreeper":4,"minecraft:witch":1,"minecraft:spider":19,"thebeastinthedark:the_beast_flees":2,"decayingmobsbackport:eye":5,"decayingmobsbackport:hunted_zombie":4,"minecraft:skeleton":8,"facelesssteve:facelesszombie":29,"screaming_villager:screaming_sheep":3,"rottencreatures:undead_miner":1,"rottencreatures:frostbitten":22,"decayingmobsbackport:half_pig":2,"minecraft:creeper":11,"rottencreatures:glacial_hunter":3,"kevin_trophy:crawler_zombie":1,"minecraft:zombie":22,"minecraft:enderman":2},"minecraft:crafted":{"minecraft:oak_planks":40,"minecraft:cobblestone_slab":420,"minecraft:stone_shovel":9,"minecraft:fishing_rod":1,"minecraft:dark_oak_boat":19,"minecraft:furnace":3,"minecraft:dark_oak_door":6,"minecraft:stone_pickaxe":14,"minecraft:cobblestone_wall":36,"minecraft:chest":4,"minecraft:dark_oak_planks":780,"minecraft:stone_hoe":2,"decayingmobsbackport:eye_of_the_limb_snatcher":1,"minecraft:crafting_table":3,"minecraft:wooden_pickaxe":2,"minecraft:pumpkin_seeds":4,"minecraft:campfire":1,"minecraft:stone_axe":13,"minecraft:air":0,"minecraft:dark_oak_slab":714,"minecraft:charcoal":91,"minecraft:stick":84,"minecraft:iron_ingot":1,"minecraft:stone_sword":14,"minecraft:snow_block":6,"minecraft:white_bed":1,"minecraft:torch":52}},"DataVersion":3120}