{"stats":{"minecraft:picked_up":{"rottencreatures:frozen_rotten_flesh":32,"minecraft:wheat":96,"minecraft:oak_stairs":8,"minecraft:nether_brick":10,"minecraft:golden_sword":32,"minecraft:string":57,"minecraft:dark_oak_trapdoor":2,"minecraft:soul_soil":6,"minecraft:shroomlight":1,"minecraft:beetroot":7,"minecraft:gold_nugget":175,"minecraft:bucket":3,"minecraft:redstone_torch":36,"minecraft:cobblestone_slab":503,"minecraft:iron_pickaxe":1,"minecraft:melon_slice":12,"minecraft:iron_boots":4,"minecraft:furnace":2,"minecraft:dark_oak_door":31,"minecraft:golden_helmet":3,"minecraft:stick":352,"minecraft:composter":1,"minecraft:torch":78,"create:andesite_casing":1,"minecraft:diorite":1,"minecraft:golden_chestplate":7,"create:large_cogwheel":4,"minecraft:stone_sword":71,"minecraft:cactus":3,"minecraft:rotten_flesh":1205,"minecraft:obsidian":1,"minecraft:cod":1,"minecraft:snowball":1287,"minecraft:cobblestone":2523,"minecraft:leather_chestplate":5,"minecraft:magma_block":71,"minecraft:feather":3,"minecraft:magma_cream":6,"minecraft:water_bucket":3,"minecraft:dark_oak_boat":41,"minecraft:golden_leggings":11,"minecraft:potato":320,"minecraft:dirt":174,"minecraft:twisting_vines":6,"minecraft:leather_boots":4,"minecraft:bone":472,"minecraft:bow":41,"minecraft:wheat_seeds":318,"create:mechanical_drill":3,"minecraft:dark_oak_sign":4,"create:shaft":1,"minecraft:fletching_table":1,"minecraft:glowstone_dust":60,"minecraft:bamboo":11,"minecraft:moss_block":2,"create:cogwheel":2,"minecraft:warped_wart_block":1,"minecraft:poisonous_potato":3,"minecraft:sand":13,"minecraft:spectral_arrow":54,"minecraft:dark_oak_log":996,"minecraft:sugar":2,"minecraft:chainmail_helmet":1,"minecraft:rooted_dirt":3,"minecraft:oak_sapling":34,"minecraft:netherrack":15,"minecraft:crimson_roots":2,"rottencreatures:magma_rotten_flesh":68,"minecraft:fishing_rod":3,"minecraft:crafting_table":4,"minecraft:nether_wart":21,"minecraft:chicken":3,"minecraft:ladder":13,"minecraft:leather_leggings":6,"minecraft:wooden_pickaxe":2,"minecraft:moss_carpet":1,"minecraft:blackstone":67,"minecraft:blue_orchid":1,"minecraft:iron_nugget":20,"minecraft:poppy":1,"minecraft:chest":5,"minecraft:dark_oak_sapling":106,"minecraft:raw_iron":2,"minecraft:fire_charge":2,"minecraft:carrot":106,"minecraft:dark_oak_planks":753,"minecraft:arrow":616,"minecraft:stone_shovel":5,"minecraft:beetroot_seeds":19,"minecraft:pink_tulip":1,"minecraft:gold_ingot":8,"minecraft:white_wool":7,"minecraft:oxeye_daisy":1,"minecraft:leather":21,"minecraft:crimson_fungus":1,"minecraft:oak_log":39,"minecraft:golden_boots":4,"minecraft:gunpowder":365,"minecraft:cobblestone_wall":70,"minecraft:cobblestone_stairs":8,"minecraft:wooden_hoe":1,"minecraft:apple":10,"minecraft:iron_ingot":13,"minecraft:stone_pickaxe":28,"minecraft:glass_bottle":2,"minecraft:soul_sand":14,"minecraft:dark_oak_stairs":6,"minecraft:dark_oak_slab":2157,"minecraft:warped_fungus":1,"create:large_water_wheel":1,"minecraft:pumpkin":8,"minecraft:quartz":19,"minecraft:dandelion":1,"minecraft:gravel":75,"minecraft:white_bed":7,"minecraft:crying_obsidian":13,"minecraft:spider_eye":7,"minecraft:leather_helmet":1,"minecraft:stone_axe":57,"minecraft:warped_roots":3,"minecraft:dark_oak_wood":1,"minecraft:hopper":3,"minecraft:ender_pearl":18},"minecraft:used":{"minecraft:beetroot":4,"minecraft:ladder":43,"minecraft:chest":25,"minecraft:nether_wart":5,"minecraft:rotten_flesh":26,"minecraft:soul_sand":4,"create:cogwheel":5,"minecraft:carrot":21,"minecraft:snowball":537,"minecraft:obsidian":10,"minecraft:lava_bucket":17,"minecraft:villager_spawn_egg":4,"minecraft:dark_oak_wood":1,"minecraft:dark_oak_slab":3023,"minecraft:golden_sword":1,"minecraft:bow":33,"minecraft:dark_oak_boat":45,"minecraft:oak_sapling":7,"minecraft:furnace":5,"create:mechanical_drill":4,"minecraft:beetroot_seeds":11,"rottencreatures:frozen_rotten_flesh":2,"minecraft:potato":111,"minecraft:dark_oak_sapling":105,"minecraft:chiseled_polished_blackstone":1,"minecraft:dark_oak_stairs":34,"minecraft:diorite":3,"minecraft:dark_oak_sign":4,"minecraft:stone_pickaxe":1842,"minecraft:cactus":1,"minecraft:wooden_pickaxe":29,"minecraft:composter":2,"minecraft:white_wool":2,"minecraft:dark_oak_trapdoor":7,"minecraft:sand":2,"minecraft:pumpkin_seeds":4,"minecraft:redstone_torch":3,"minecraft:dark_oak_log":9,"minecraft:melon_slice":4,"minecraft:bread":1,"minecraft:ice":2,"minecraft:bone_meal":195,"create:large_cogwheel":13,"minecraft:stone_sword":2899,"minecraft:flint_and_steel":40,"minecraft:stone_shovel":908,"minecraft:stone_hoe":18,"minecraft:dirt":113,"minecraft:torch":79,"minecraft:brewing_stand":1,"minecraft:warped_wart_block":1,"minecraft:hopper":4,"minecraft:cobblestone_wall":97,"minecraft:shroomlight":1,"minecraft:dark_oak_planks":507,"minecraft:rooted_dirt":1,"minecraft:oak_stairs":9,"minecraft:iron_boots":2,"minecraft:bamboo":1,"minecraft:soul_soil":2,"minecraft:pumpkin":6,"minecraft:wheat_seeds":84,"minecraft:water_bucket":48,"minecraft:cobblestone_stairs":9,"minecraft:snow_block":4,"minecraft:fletching_table":1,"minecraft:cobblestone_slab":2072,"minecraft:crafting_table":9,"minecraft:white_bed":15,"minecraft:campfire":1,"minecraft:dark_oak_fence_gate":1,"minecraft:dark_oak_door":24,"minecraft:wooden_hoe":5,"minecraft:iron_pickaxe":55,"create:large_water_wheel":2,"minecraft:golden_leggings":5,"minecraft:stone_axe":1061,"minecraft:fishing_rod":2,"minecraft:cobblestone":544,"minecraft:bucket":51,"minecraft:splash_potion":50},"minecraft:killed_by":{"minecraft:zombie_villager":16,"minecraft:zombified_piglin":4,"minecraft:creeper":2,"simon:simon_12":3,"sanitydim:rotting_stalker":1,"rottencreatures:burned":4,"mimicer:mimicer":2,"man:managgresive":2,"vivilly_dweller:vivilly_dweller":12,"sanitydim:sneaking_terror":11,"minecraft:piglin":2,"skinwalker_overhaul:skinwalker_overhaul":30,"minecraft:witch":12,"minecraft:zombie":5,"torture:torture":14,"thebeastinthedark:the_dark_beast":3,"kim_dweller:kim_dweller":14,"rottencreatures:undead_miner":1,"krampus:krampus":9,"minecraft:player":1,"rottencreatures:glacial_hunter":1,"minecraft:spider":1,"jacky:jacky":30,"mutantmonsters:mutant_skeleton":3,"minecraft:skeleton":5,"assimilator:assimilator":17,"rottencreatures:frostbitten":2},"minecraft:crafted":{"minecraft:oak_planks":40,"minecraft:cobblestone_slab":1716,"minecraft:dark_oak_boat":19,"minecraft:dark_oak_wood":3,"minecraft:cobblestone_stairs":12,"minecraft:dark_oak_door":6,"minecraft:hopper":1,"minecraft:bow":2,"minecraft:chest":22,"minecraft:stone_hoe":2,"create:cogwheel":3,"minecraft:emerald":64,"minecraft:crafting_table":8,"minecraft:wooden_pickaxe":2,"minecraft:fletching_table":1,"minecraft:brewing_stand":1,"minecraft:pumpkin_seeds":4,"minecraft:campfire":1,"minecraft:diorite":14,"minecraft:dark_oak_slab":2940,"minecraft:charcoal":219,"create:water_wheel":1,"minecraft:stick":1932,"minecraft:iron_ingot":2,"minecraft:stone_sword":44,"minecraft:snow_block":10,"minecraft:gold_ingot":41,"create:large_cogwheel":3,"minecraft:composter":1,"minecraft:dark_oak_fence_gate":1,"minecraft:redstone":24,"minecraft:stone_shovel":15,"minecraft:fishing_rod":1,"minecraft:iron_nugget":10,"minecraft:furnace":3,"minecraft:dark_oak_trapdoor":4,"minecraft:dark_oak_sign":6,"minecraft:bone_meal":195,"minecraft:flint_and_steel":1,"minecraft:ladder":33,"minecraft:stone_pickaxe":25,"minecraft:cobblestone_wall":84,"minecraft:dark_oak_planks":3736,"create:andesite_alloy":14,"minecraft:dark_oak_stairs":28,"create:large_water_wheel":1,"minecraft:stone_axe":23,"minecraft:bread":31,"minecraft:air":0,"minecraft:white_wool":10,"minecraft:golden_apple":1,"minecraft:gold_nugget":50,"minecraft:white_bed":8,"create:mechanical_drill":1,"create:shaft":8,"minecraft:andesite":28,"minecraft:torch":80},"minecraft:broken":{"minecraft:golden_leggings":1,"minecraft:stone_pickaxe":6,"minecraft:golden_sword":1,"minecraft:stone_axe":2,"minecraft:stone_shovel":6,"minecraft:stone_sword":7},"minecraft:custom":{"minecraft:interact_with_crafting_table":273,"minecraft:leave_game":24,"minecraft:time_since_death":3288,"minecraft:sprint_one_cm":2008448,"minecraft:drop":182,"minecraft:talked_to_villager":30,"minecraft:play_time":1133305,"minecraft:deaths":257,"minecraft:jump":6968,"minecraft:walk_on_water_one_cm":39690,"minecraft:interact_with_furnace":55,"minecraft:traded_with_villager":76,"minecraft:sleep_in_bed":5,"minecraft:damage_dealt":116951,"minecraft:player_kills":4,"minecraft:crouch_one_cm":672577,"minecraft:mob_kills":1878,"minecraft:inspect_hopper":4,"minecraft:interact_with_campfire":5,"minecraft:damage_dealt_resisted":13389,"minecraft:climb_one_cm":129101,"minecraft:walk_one_cm":4132650,"minecraft:sneak_time":208587,"minecraft:walk_under_water_one_cm":13764,"minecraft:boat_one_cm":207557,"minecraft:total_world_time":1133305,"minecraft:time_since_rest":3313,"minecraft:damage_taken":73152,"minecraft:fly_one_cm":1133195,"minecraft:open_chest":2069,"minecraft:fall_one_cm":153537},"minecraft:killed":{"minecraft:zombified_piglin":334,"minecraft:witch":5,"rottencreatures:burned":70,"minecraft:spider":19,"thebeastinthedark:the_beast_flees":3,"minecraft:skeleton":414,"minecraft:chicken":2,"the_player:the_player":2,"minecraft:piglin":51,"minecraft:zombie_villager":7,"rottencreatures:frostbitten":24,"minecraft:creeper":355,"minecraft:zombie":427,"the_player:fake_fake_player":5,"rottencreatures:undead_miner":1,"rottencreatures:glacial_hunter":3,"kevin_trophy:crawler_zombie":11,"minecraft:enderman":2},"minecraft:dropped":{"minecraft:moss_block":1,"minecraft:dark_oak_slab":808,"minecraft:dirt":6,"minecraft:dark_oak_trapdoor":1,"minecraft:gold_nugget":1,"minecraft:dark_oak_planks":207,"minecraft:gold_ingot":41,"minecraft:dark_oak_door":3,"minecraft:stone_axe":20,"minecraft:wheat":1,"minecraft:beetroot":1,"minecraft:rotten_flesh":1,"minecraft:gunpowder":1,"rottencreatures:frozen_rotten_flesh":1,"minecraft:quartz":2,"minecraft:water_bucket":1,"minecraft:stone_hoe":2,"minecraft:cobblestone":137,"minecraft:apple":1,"minecraft:stick":1,"minecraft:diorite":1,"minecraft:torch":62,"minecraft:oak_stairs":1,"minecraft:bucket":2,"minecraft:stone_sword":4,"minecraft:cobblestone_wall":27,"minecraft:stone_shovel":2,"minecraft:filled_map":1,"minecraft:potato":170,"minecraft:cobblestone_slab":244,"minecraft:oak_sapling":1,"minecraft:redstone_torch":8,"minecraft:stone_pickaxe":8,"minecraft:wooden_pickaxe":2},"minecraft:mined":{"minecraft:dark_oak_planks":42,"minecraft:white_bed":6,"minecraft:oak_sapling":1,"minecraft:farmland":75,"minecraft:cobblestone_stairs":8,"create:andesite_casing":1,"minecraft:grass_block":30,"minecraft:soul_soil":6,"minecraft:hopper":3,"minecraft:composter":1,"minecraft:crimson_fungus":1,"minecraft:nether_wart":3,"minecraft:oxeye_daisy":1,"minecraft:glowstone":17,"minecraft:dark_oak_trapdoor":2,"minecraft:fire":14,"minecraft:pumpkin":8,"minecraft:dark_oak_stairs":6,"minecraft:oak_stairs":8,"minecraft:pink_tulip":1,"minecraft:blue_orchid":1,"create:cogwheel":2,"minecraft:twisting_vines_plant":2,"minecraft:torch":21,"minecraft:dark_oak_wood":1,"minecraft:poppy":1,"minecraft:melon":3,"minecraft:chest":4,"minecraft:cobblestone":1660,"minecraft:wall_torch":5,"create:large_water_wheel":1,"minecraft:dark_oak_slab":198,"minecraft:dark_oak_door":4,"minecraft:wheat":78,"minecraft:warped_fungus":1,"minecraft:grass":4,"minecraft:oak_log":39,"minecraft:beetroots":7,"minecraft:sand":13,"minecraft:dirt":45,"minecraft:netherrack":17,"minecraft:oak_leaves":53,"minecraft:nether_gold_ore":2,"minecraft:dark_oak_leaves":25,"minecraft:dark_oak_log":763,"minecraft:ladder":12,"create:large_cogwheel":4,"minecraft:crimson_roots":2,"minecraft:rooted_dirt":2,"minecraft:furnace":2,"minecraft:carrots":22,"minecraft:nether_sprouts":1,"minecraft:snow":824,"minecraft:potatoes":91,"minecraft:shroomlight":1,"minecraft:cobblestone_slab":188,"minecraft:bamboo":1,"minecraft:white_wool":1,"minecraft:redstone_wall_torch":26,"minecraft:soul_sand":8,"minecraft:dandelion":1,"minecraft:crafting_table":2,"minecraft:warped_roots":3,"minecraft:tall_grass":6,"minecraft:diorite":1,"minecraft:warped_wart_block":1,"minecraft:cactus":2,"minecraft:cobblestone_wall":7,"minecraft:redstone_torch":7,"minecraft:ice":20,"create:mechanical_drill":3,"minecraft:fern":3}},"DataVersion":3120}