{"stats":{"minecraft:killed":{"minecraft:sheep":2,"skinwalker_overhaul:skinwalker_overhaul":1,"kevin_trophy:zombie_brute":1},"minecraft:custom":{"minecraft:mob_kills":4,"minecraft:interact_with_crafting_table":33,"minecraft:leave_game":2,"minecraft:time_since_death":2296,"minecraft:sprint_one_cm":189779,"minecraft:walk_one_cm":671807,"minecraft:drop":12,"minecraft:play_time":130159,"minecraft:deaths":49,"minecraft:sneak_time":2821,"minecraft:walk_under_water_one_cm":9054,"minecraft:jump":1482,"minecraft:interact_with_blast_furnace":3,"minecraft:walk_on_water_one_cm":24652,"minecraft:total_world_time":130159,"minecraft:interact_with_furnace":30,"minecraft:time_since_rest":2324,"minecraft:damage_taken":12466,"minecraft:damage_dealt":4162,"minecraft:swim_one_cm":1708,"minecraft:fly_one_cm":164368,"minecraft:open_chest":79,"minecraft:crouch_one_cm":7514,"minecraft:interact_with_smoker":8,"minecraft:fall_one_cm":31191},"minecraft:crafted":{"minecraft:oak_door":3,"minecraft:oak_planks":92,"minecraft:smooth_stone":3,"minecraft:cobblestone_slab":12,"minecraft:stone_shovel":3,"minecraft:furnace":1,"minecraft:blast_furnace":1,"minecraft:stone":10,"minecraft:cooked_mutton":3,"create:crafting_blueprint":1,"minecraft:stone_pickaxe":4,"minecraft:chest":2,"marbledsarsenal:baseball_bat":2,"minecraft:stone_hoe":1,"minecraft:crafting_table":4,"minecraft:bucket":1,"minecraft:oak_wood":6,"minecraft:birch_planks":32,"minecraft:stone_axe":3,"minecraft:painting":1,"minecraft:air":0,"minecraft:stick":48,"minecraft:iron_ingot":30,"minecraft:iron_pickaxe":2,"minecraft:stone_sword":1,"minecraft:white_bed":1,"minecraft:torch":52},"minecraft:used":{"marbledsarsenal:baseball_bat":123,"minecraft:stone_sword":96,"minecraft:stone_shovel":120,"minecraft:chest":3,"minecraft:stone":7,"minecraft:player_head":5,"minecraft:stone_hoe":81,"minecraft:oak_door":3,"minecraft:torch":44,"minecraft:dirt":134,"minecraft:oak_wood":4,"minecraft:granite":4,"create:crafting_blueprint":9,"minecraft:written_book":1,"minecraft:furnace":2,"minecraft:egg":2,"minecraft:wheat_seeds":1,"minecraft:cooked_mutton":2,"minecraft:water_bucket":14,"minecraft:birch_planks":2,"minecraft:stone_pickaxe":465,"minecraft:cobblestone_slab":7,"minecraft:crafting_table":5,"minecraft:blast_furnace":1,"minecraft:white_bed":3,"minecraft:smoker":3,"minecraft:oak_log":5,"minecraft:iron_pickaxe":338,"minecraft:stone_axe":62,"minecraft:cobblestone":89,"minecraft:birch_log":1,"minecraft:bucket":14,"minecraft:dandelion":3},"minecraft:killed_by":{"decayingmobsbackport:weeping_chaser":3,"kevin_trophy:zombie_brute":23,"minecraft:spider":1,"jacky:jacky":4,"decayingmobsbackport:limb_snatcher":1,"mimicer:mimicer":3,"man:managgresive":2,"vivilly_dweller:vivilly_dweller":1,"sanitydim:sneaking_terror":1,"skinwalker_overhaul:skinwalker_overhaul":1,"mutantmonsters:mutant_skeleton":1,"minecraft:zombie":1,"torture:torture":2,"cave_dweller:cave_dweller":1,"irritator:irritator":1,"assimilator:assimilator":2},"minecraft:mined":{"create:zinc_ore":16,"minecraft:white_bed":2,"minecraft:mossy_cobblestone":3,"minecraft:granite":1,"minecraft:grass_block":74,"minecraft:redstone_wire":4,"minecraft:furnace":2,"minecraft:iron_ore":3,"minecraft:fire":2,"minecraft:andesite":85,"minecraft:pointed_dripstone":5,"minecraft:stripped_oak_log":4,"minecraft:stone":568,"minecraft:player_head":2,"minecraft:player_wall_head":3,"minecraft:smoker":3,"minecraft:dandelion":8,"minecraft:crafting_table":2,"minecraft:torch":3,"minecraft:chest":2,"minecraft:cobblestone":36,"minecraft:tall_grass":2,"minecraft:copper_ore":6,"minecraft:wall_torch":4,"minecraft:birch_log":2,"minecraft:birch_leaves":7,"minecraft:stripped_oak_wood":4,"minecraft:grass":11,"minecraft:coal_ore":68,"minecraft:oak_log":48,"minecraft:dirt":72,"minecraft:cobweb":25,"minecraft:oak_leaves":15},"minecraft:picked_up":{"minecraft:crafting_table":2,"marbledsarsenal:baseball_bat":21,"minecraft:string":25,"minecraft:raw_copper":96,"minecraft:cooked_salmon":46,"minecraft:netherite_scrap":2,"minecraft:cobbled_deepslate":6,"minecraft:bucket":2,"minecraft:player_head":6,"minecraft:iron_pickaxe":4,"minecraft:chest":1,"minecraft:egg":2,"minecraft:furnace":2,"minecraft:stick":33,"minecraft:raw_iron":38,"minecraft:torch":99,"minecraft:pointed_dripstone":19,"minecraft:diorite":2,"minecraft:redstone":4,"minecraft:stone_sword":5,"minecraft:stone_shovel":9,"create:crafting_blueprint":8,"minecraft:mutton":3,"minecraft:white_wool":4,"minecraft:cobblestone":1992,"minecraft:stripped_oak_log":8,"minecraft:birch_log":88,"minecraft:glow_ink_sac":3,"minecraft:water_bucket":3,"minecraft:andesite":125,"minecraft:smoker":3,"minecraft:birch_planks":30,"minecraft:tuff":2,"create:raw_zinc":100,"minecraft:oak_log":57,"minecraft:cobblestone_stairs":1,"minecraft:dirt":576,"minecraft:cooked_mutton":1,"minecraft:wheat_seeds":3,"minecraft:stone_pickaxe":28,"minecraft:stripped_oak_wood":4,"minecraft:oak_planks":72,"minecraft:stone_hoe":6,"minecraft:dandelion":9,"minecraft:gravel":4,"minecraft:white_bed":2,"minecraft:stone_axe":22,"minecraft:granite":21,"minecraft:bone_meal":14,"minecraft:coal":342},"minecraft:broken":{"minecraft:stone_pickaxe":2,"minecraft:stone_axe":1,"minecraft:iron_pickaxe":1},"minecraft:dropped":{"minecraft:water_bucket":1,"minecraft:wheat_seeds":1,"minecraft:cobblestone":11,"minecraft:coal":47,"minecraft:stick":2,"minecraft:cooked_salmon":3,"minecraft:iron_pickaxe":1,"marbledsarsenal:baseball_bat":1,"minecraft:bucket":1,"minecraft:stone_axe":1,"minecraft:oak_planks":24,"minecraft:stone_pickaxe":1}},"DataVersion":3120}