{"stats":{"minecraft:killed_by":{"minecraft:zombie_villager":16,"minecraft:player":1,"minecraft:creeper":2,"minecraft:spider":1,"rottencreatures:glacial_hunter":1,"jacky:jacky":18,"sanitydim:rotting_stalker":1,"facelesssteve:facelesszombie":12,"mimicer:mimicer":1,"man:managgresive":1,"vivilly_dweller:vivilly_dweller":9,"sanitydim:sneaking_terror":7,"skinwalker_overhaul:skinwalker_overhaul":21,"mutantmonsters:mutant_skeleton":3,"minecraft:skeleton":5,"minecraft:witch":12,"minecraft:zombie":4,"torture:torture":10,"thebeastinthedark:the_dark_beast":1,"assimilator:assimilator":10,"kim_dweller:kim_dweller":12,"rottencreatures:frostbitten":1,"rottencreatures:undead_miner":1,"krampus:krampus":6},"minecraft:custom":{"minecraft:mob_kills":725,"minecraft:interact_with_crafting_table":182,"minecraft:interact_with_campfire":5,"minecraft:damage_dealt_resisted":102,"minecraft:leave_game":18,"minecraft:time_since_death":6850,"minecraft:climb_one_cm":68256,"minecraft:sprint_one_cm":1178102,"minecraft:walk_one_cm":3177693,"minecraft:drop":128,"minecraft:talked_to_villager":9,"minecraft:play_time":783725,"minecraft:sneak_time":139477,"minecraft:deaths":175,"minecraft:walk_under_water_one_cm":12421,"minecraft:boat_one_cm":172065,"minecraft:jump":4616,"minecraft:walk_on_water_one_cm":28464,"minecraft:total_world_time":783725,"minecraft:interact_with_furnace":35,"minecraft:time_since_rest":6879,"minecraft:damage_taken":50897,"minecraft:damage_dealt":64196,"minecraft:player_kills":4,"minecraft:fly_one_cm":596663,"minecraft:open_chest":1318,"minecraft:crouch_one_cm":451653,"minecraft:fall_one_cm":117093},"minecraft:dropped":{"minecraft:stone_hoe":2,"minecraft:water_bucket":1,"minecraft:moss_block":1,"minecraft:dark_oak_slab":807,"minecraft:cobblestone":136,"minecraft:apple":1,"minecraft:dirt":6,"minecraft:diorite":1,"minecraft:torch":62,"minecraft:dark_oak_trapdoor":1,"minecraft:oak_stairs":1,"minecraft:dark_oak_planks":207,"minecraft:bucket":2,"minecraft:dark_oak_door":3,"minecraft:stone_axe":20,"minecraft:stone_sword":4,"minecraft:cobblestone_wall":27,"minecraft:wheat":1,"minecraft:stone_shovel":2,"minecraft:beetroot":1,"minecraft:rotten_flesh":1,"minecraft:filled_map":1,"minecraft:cobblestone_slab":244,"minecraft:potato":72,"minecraft:gunpowder":1,"minecraft:oak_sapling":1,"rottencreatures:frozen_rotten_flesh":1,"minecraft:wooden_pickaxe":2,"minecraft:stone_pickaxe":8,"minecraft:quartz":2},"minecraft:broken":{"minecraft:stone_sword":2,"minecraft:stone_pickaxe":6,"minecraft:stone_axe":1,"minecraft:stone_shovel":6},"minecraft:picked_up":{"minecraft:fishing_rod":3,"rottencreatures:frozen_rotten_flesh":31,"minecraft:crafting_table":4,"minecraft:wheat":96,"minecraft:chicken":1,"minecraft:ladder":4,"minecraft:nether_wart":6,"minecraft:leather_leggings":2,"minecraft:wooden_pickaxe":2,"minecraft:oak_stairs":6,"minecraft:string":33,"minecraft:moss_carpet":1,"minecraft:soul_soil":6,"minecraft:shroomlight":1,"minecraft:blue_orchid":1,"minecraft:beetroot":7,"minecraft:gold_nugget":11,"minecraft:bucket":3,"minecraft:cobblestone_slab":264,"minecraft:poppy":1,"minecraft:iron_pickaxe":1,"minecraft:melon_slice":12,"minecraft:chest":4,"minecraft:furnace":2,"minecraft:dark_oak_door":31,"minecraft:golden_helmet":1,"minecraft:dark_oak_sapling":83,"minecraft:raw_iron":2,"minecraft:stick":90,"minecraft:composter":1,"minecraft:torch":62,"create:andesite_casing":1,"minecraft:diorite":1,"minecraft:carrot":104,"minecraft:golden_chestplate":3,"minecraft:dark_oak_planks":600,"minecraft:stone_sword":50,"minecraft:cactus":3,"minecraft:arrow":325,"minecraft:stone_shovel":5,"minecraft:rotten_flesh":345,"minecraft:beetroot_seeds":19,"minecraft:pink_tulip":1,"minecraft:cod":1,"minecraft:snowball":1250,"minecraft:white_wool":6,"minecraft:cobblestone":1702,"minecraft:oxeye_daisy":1,"minecraft:magma_block":2,"minecraft:leather_chestplate":2,"minecraft:water_bucket":2,"minecraft:leather":2,"minecraft:golden_leggings":5,"minecraft:dark_oak_boat":30,"minecraft:potato":184,"minecraft:crimson_fungus":1,"minecraft:oak_log":39,"minecraft:golden_boots":2,"minecraft:gunpowder":151,"minecraft:cobblestone_wall":26,"minecraft:wooden_hoe":1,"minecraft:dirt":174,"minecraft:twisting_vines":6,"minecraft:leather_boots":2,"minecraft:bone":225,"minecraft:apple":8,"minecraft:bow":18,"minecraft:wheat_seeds":318,"minecraft:iron_ingot":1,"minecraft:stone_pickaxe":24,"minecraft:glass_bottle":2,"minecraft:glowstone_dust":60,"minecraft:bamboo":11,"minecraft:moss_block":2,"minecraft:soul_sand":4,"minecraft:dark_oak_stairs":6,"minecraft:warped_fungus":1,"minecraft:dark_oak_slab":1867,"minecraft:pumpkin":8,"minecraft:warped_wart_block":1,"minecraft:quartz":5,"minecraft:dandelion":1,"minecraft:poisonous_potato":3,"minecraft:sand":13,"minecraft:dark_oak_log":634,"minecraft:spider_eye":6,"minecraft:leather_helmet":1,"minecraft:sugar":2,"minecraft:stone_axe":53,"minecraft:warped_roots":3,"minecraft:rooted_dirt":2,"minecraft:oak_sapling":34,"minecraft:netherrack":15,"minecraft:dark_oak_wood":1,"minecraft:crimson_roots":2,"rottencreatures:magma_rotten_flesh":2},"minecraft:used":{"minecraft:stone_sword":1423,"minecraft:flint_and_steel":40,"minecraft:stone_shovel":908,"minecraft:ladder":24,"minecraft:chest":16,"minecraft:nether_wart":4,"minecraft:stone_hoe":18,"minecraft:rotten_flesh":25,"minecraft:soul_sand":4,"minecraft:torch":72,"minecraft:dirt":113,"minecraft:warped_wart_block":1,"minecraft:cobblestone_wall":43,"minecraft:carrot":21,"minecraft:snowball":537,"minecraft:obsidian":10,"minecraft:dark_oak_planks":478,"minecraft:shroomlight":1,"minecraft:lava_bucket":16,"minecraft:rooted_dirt":1,"minecraft:oak_stairs":7,"minecraft:dark_oak_wood":1,"minecraft:dark_oak_slab":2843,"minecraft:bamboo":1,"minecraft:bow":26,"minecraft:dark_oak_boat":36,"minecraft:soul_soil":2,"minecraft:oak_sapling":7,"minecraft:furnace":5,"minecraft:beetroot_seeds":11,"rottencreatures:frozen_rotten_flesh":2,"minecraft:potato":72,"minecraft:pumpkin":6,"minecraft:dark_oak_sapling":81,"minecraft:chiseled_polished_blackstone":1,"minecraft:wheat_seeds":84,"minecraft:dark_oak_stairs":31,"minecraft:water_bucket":40,"minecraft:diorite":3,"minecraft:snow_block":2,"minecraft:stone_pickaxe":1447,"minecraft:cactus":1,"minecraft:wooden_pickaxe":29,"minecraft:composter":2,"minecraft:cobblestone_slab":877,"minecraft:white_wool":2,"minecraft:dark_oak_trapdoor":1,"minecraft:sand":2,"minecraft:crafting_table":7,"minecraft:white_bed":4,"minecraft:campfire":1,"minecraft:pumpkin_seeds":4,"minecraft:dark_oak_door":24,"minecraft:redstone_torch":1,"minecraft:wooden_hoe":5,"minecraft:dark_oak_log":8,"minecraft:iron_pickaxe":55,"minecraft:melon_slice":4,"minecraft:bread":1,"minecraft:golden_leggings":1,"minecraft:stone_axe":792,"minecraft:fishing_rod":2,"minecraft:cobblestone":363,"minecraft:bucket":42,"minecraft:ice":2,"minecraft:splash_potion":50,"minecraft:bone_meal":131,"minecraft:beetroot":4},"minecraft:crafted":{"minecraft:oak_planks":40,"minecraft:cobblestone_slab":654,"minecraft:stone_shovel":15,"minecraft:fishing_rod":1,"minecraft:dark_oak_boat":19,"minecraft:dark_oak_wood":3,"minecraft:furnace":3,"minecraft:bone_meal":195,"minecraft:flint_and_steel":1,"minecraft:dark_oak_door":6,"minecraft:bow":2,"minecraft:ladder":21,"minecraft:stone_pickaxe":23,"minecraft:cobblestone_wall":36,"minecraft:chest":13,"minecraft:dark_oak_planks":2732,"minecraft:stone_hoe":2,"create:cogwheel":3,"create:andesite_alloy":4,"minecraft:dark_oak_stairs":28,"minecraft:crafting_table":6,"minecraft:wooden_pickaxe":2,"create:large_water_wheel":1,"minecraft:pumpkin_seeds":4,"minecraft:campfire":1,"minecraft:stone_axe":21,"minecraft:diorite":4,"minecraft:air":0,"minecraft:bread":31,"minecraft:dark_oak_slab":2796,"minecraft:charcoal":91,"minecraft:golden_apple":1,"create:water_wheel":1,"minecraft:stick":188,"minecraft:iron_ingot":1,"minecraft:stone_sword":27,"minecraft:snow_block":6,"minecraft:gold_ingot":18,"create:large_cogwheel":3,"minecraft:white_bed":4,"create:shaft":8,"minecraft:andesite":8,"minecraft:composter":1,"minecraft:torch":60},"minecraft:killed":{"facelesssteve:facelesscreeper":36,"minecraft:zombified_piglin":2,"minecraft:witch":4,"rottencreatures:burned":1,"minecraft:spider":19,"thebeastinthedark:the_beast_flees":2,"minecraft:skeleton":194,"facelesssteve:facelesszombie":61,"the_player:fake_fake_player":2,"screaming_villager:screaming_sheep":4,"rottencreatures:undead_miner":1,"minecraft:piglin":1,"minecraft:zombie_villager":3,"rottencreatures:frostbitten":23,"minecraft:creeper":151,"rottencreatures:glacial_hunter":3,"kevin_trophy:crawler_zombie":5,"minecraft:zombie":210,"minecraft:enderman":2},"minecraft:mined":{"minecraft:dark_oak_planks":41,"minecraft:nether_gold_ore":2,"minecraft:oak_sapling":1,"minecraft:farmland":75,"minecraft:dark_oak_leaves":19,"create:andesite_casing":1,"minecraft:dark_oak_log":514,"minecraft:ladder":3,"minecraft:grass_block":30,"minecraft:crimson_roots":2,"minecraft:soul_soil":6,"minecraft:composter":1,"minecraft:crimson_fungus":1,"minecraft:oxeye_daisy":1,"minecraft:nether_wart":2,"minecraft:rooted_dirt":2,"minecraft:glowstone":17,"minecraft:furnace":2,"minecraft:carrots":22,"minecraft:nether_sprouts":1,"minecraft:fire":14,"minecraft:snow":824,"minecraft:pumpkin":8,"minecraft:dark_oak_stairs":6,"minecraft:potatoes":56,"minecraft:cobblestone_slab":45,"minecraft:shroomlight":1,"minecraft:oak_stairs":6,"minecraft:pink_tulip":1,"minecraft:bamboo":1,"minecraft:blue_orchid":1,"minecraft:white_wool":1,"minecraft:soul_sand":4,"minecraft:twisting_vines_plant":2,"minecraft:dandelion":1,"minecraft:crafting_table":2,"minecraft:torch":21,"minecraft:dark_oak_wood":1,"minecraft:poppy":1,"minecraft:melon":3,"minecraft:warped_roots":3,"minecraft:chest":3,"minecraft:tall_grass":6,"minecraft:cobblestone":1435,"minecraft:diorite":1,"minecraft:wall_torch":5,"minecraft:warped_wart_block":1,"minecraft:cactus":2,"minecraft:dark_oak_slab":165,"minecraft:cobblestone_wall":2,"minecraft:dark_oak_door":4,"minecraft:wheat":78,"minecraft:ice":16,"minecraft:warped_fungus":1,"minecraft:grass":4,"minecraft:oak_log":39,"minecraft:beetroots":7,"minecraft:dirt":45,"minecraft:sand":13,"minecraft:netherrack":17,"minecraft:oak_leaves":53,"minecraft:fern":3}},"DataVersion":3120}