{"stats":{"minecraft:killed":{"minecraft:sheep":2,"skinwalker_overhaul:skinwalker_overhaul":1},"minecraft:custom":{"minecraft:interact_with_furnace":10,"minecraft:mob_kills":2,"minecraft:interact_with_crafting_table":16,"minecraft:time_since_death":3479,"minecraft:time_since_rest":3525,"minecraft:sprint_one_cm":76026,"minecraft:damage_taken":2966,"minecraft:walk_one_cm":231825,"minecraft:drop":2,"minecraft:damage_dealt":2899,"minecraft:fly_one_cm":53448,"minecraft:open_chest":30,"minecraft:crouch_one_cm":1176,"minecraft:play_time":46427,"minecraft:deaths":9,"minecraft:sneak_time":573,"minecraft:walk_under_water_one_cm":1651,"minecraft:jump":503,"minecraft:walk_on_water_one_cm":8914,"minecraft:total_world_time":46427,"minecraft:interact_with_smoker":4,"minecraft:fall_one_cm":10591},"minecraft:crafted":{"minecraft:oak_door":3,"minecraft:oak_planks":60,"minecraft:cobblestone_slab":6,"minecraft:stone_shovel":1,"minecraft:crafting_table":2,"minecraft:furnace":1,"minecraft:oak_wood":6,"minecraft:birch_planks":8,"minecraft:stone_axe":2,"minecraft:painting":1,"minecraft:cooked_mutton":3,"minecraft:air":0,"create:crafting_blueprint":1,"minecraft:stick":24,"minecraft:iron_ingot":2,"minecraft:stone_pickaxe":2,"minecraft:stone_sword":1,"minecraft:chest":2,"marbledsarsenal:baseball_bat":2,"minecraft:white_bed":1,"minecraft:torch":12},"minecraft:used":{"marbledsarsenal:baseball_bat":2,"minecraft:cooked_mutton":2,"minecraft:stone_sword":95,"minecraft:birch_planks":2,"minecraft:stone_shovel":24,"minecraft:stone_pickaxe":84,"minecraft:chest":3,"minecraft:cobblestone_slab":3,"minecraft:player_head":3,"minecraft:oak_door":1,"minecraft:torch":2,"minecraft:dirt":3,"minecraft:crafting_table":2,"minecraft:oak_wood":4,"minecraft:white_bed":1,"minecraft:oak_log":5,"create:crafting_blueprint":1,"minecraft:stone_axe":27,"minecraft:cobblestone":1,"minecraft:written_book":1,"minecraft:furnace":1,"minecraft:egg":2,"minecraft:dandelion":3},"minecraft:mined":{"minecraft:mossy_cobblestone":3,"minecraft:player_wall_head":1,"minecraft:dandelion":8,"minecraft:crafting_table":1,"minecraft:grass_block":10,"minecraft:chest":2,"minecraft:redstone_wire":4,"minecraft:wall_torch":2,"minecraft:birch_log":2,"minecraft:fire":2,"minecraft:birch_leaves":7,"minecraft:stripped_oak_wood":4,"minecraft:grass":8,"minecraft:oak_log":21,"minecraft:coal_ore":16,"minecraft:dirt":24,"minecraft:stripped_oak_log":4,"minecraft:cobweb":25,"minecraft:stone":64,"minecraft:player_head":2,"minecraft:oak_leaves":6},"minecraft:killed_by":{"decayingmobsbackport:weeping_chaser":3,"man:managgresive":1,"sanitydim:sneaking_terror":1,"mutantmonsters:mutant_skeleton":1,"minecraft:zombie":1,"jacky:jacky":2},"minecraft:picked_up":{"minecraft:stripped_oak_log":8,"minecraft:birch_log":2,"minecraft:crafting_table":1,"minecraft:tuff":1,"minecraft:oak_log":30,"minecraft:dirt":40,"minecraft:string":23,"minecraft:cooked_mutton":1,"minecraft:stone_pickaxe":1,"minecraft:stripped_oak_wood":4,"minecraft:player_head":4,"minecraft:chest":1,"minecraft:egg":2,"minecraft:stick":4,"minecraft:dandelion":9,"minecraft:torch":2,"minecraft:redstone":4,"minecraft:stone_sword":2,"minecraft:stone_shovel":1,"minecraft:stone_axe":2,"minecraft:mutton":3,"minecraft:coal":16,"minecraft:white_wool":4,"minecraft:cobblestone":70},"minecraft:broken":{"minecraft:stone_axe":1},"minecraft:dropped":{"minecraft:stone_pickaxe":1,"marbledsarsenal:baseball_bat":1}},"DataVersion":3120}