{"stats":{"minecraft:killed":{"skinwalker_overhaul:skinwalker_overhaul":1,"minecraft:sheep":2,"kevin_trophy:zombie_brute":1},"minecraft:custom":{"minecraft:interact_with_furnace":12,"minecraft:mob_kills":3,"minecraft:interact_with_crafting_table":17,"minecraft:leave_game":1,"minecraft:time_since_death":2133,"minecraft:time_since_rest":2155,"minecraft:sprint_one_cm":108934,"minecraft:damage_taken":9259,"minecraft:walk_one_cm":365415,"minecraft:drop":2,"minecraft:damage_dealt":3893,"minecraft:swim_one_cm":1708,"minecraft:fly_one_cm":119215,"minecraft:open_chest":37,"minecraft:crouch_one_cm":2782,"minecraft:play_time":70309,"minecraft:deaths":36,"minecraft:sneak_time":1204,"minecraft:walk_under_water_one_cm":6086,"minecraft:jump":952,"minecraft:walk_on_water_one_cm":15199,"minecraft:interact_with_smoker":6,"minecraft:total_world_time":70309,"minecraft:fall_one_cm":24041},"minecraft:crafted":{"minecraft:oak_door":3,"minecraft:oak_planks":60,"minecraft:cobblestone_slab":6,"minecraft:stone_shovel":1,"minecraft:crafting_table":2,"minecraft:furnace":1,"minecraft:bucket":1,"minecraft:oak_wood":6,"minecraft:birch_planks":8,"minecraft:stone_axe":2,"minecraft:cooked_mutton":3,"minecraft:painting":1,"minecraft:air":0,"create:crafting_blueprint":1,"minecraft:stick":24,"minecraft:iron_ingot":7,"minecraft:stone_pickaxe":2,"minecraft:stone_sword":1,"minecraft:chest":2,"marbledsarsenal:baseball_bat":2,"minecraft:white_bed":1,"minecraft:torch":12},"minecraft:used":{"marbledsarsenal:baseball_bat":123,"minecraft:cooked_mutton":2,"minecraft:water_bucket":11,"minecraft:stone_sword":96,"minecraft:birch_planks":2,"minecraft:stone_shovel":35,"minecraft:stone_pickaxe":104,"minecraft:chest":3,"minecraft:cobblestone_slab":3,"minecraft:player_head":3,"minecraft:oak_door":1,"minecraft:torch":3,"minecraft:dirt":29,"minecraft:crafting_table":2,"minecraft:white_bed":1,"minecraft:oak_wood":4,"minecraft:smoker":1,"minecraft:oak_log":5,"create:crafting_blueprint":1,"minecraft:stone_axe":28,"minecraft:cobblestone":3,"minecraft:written_book":1,"minecraft:furnace":1,"minecraft:bucket":12,"minecraft:egg":2,"minecraft:dandelion":3},"minecraft:mined":{"minecraft:mossy_cobblestone":3,"minecraft:player_wall_head":1,"minecraft:smoker":1,"minecraft:dandelion":8,"minecraft:crafting_table":1,"minecraft:grass_block":32,"minecraft:chest":2,"minecraft:redstone_wire":4,"minecraft:wall_torch":2,"minecraft:birch_log":2,"minecraft:fire":2,"minecraft:birch_leaves":7,"minecraft:stripped_oak_wood":4,"minecraft:grass":9,"minecraft:oak_log":21,"minecraft:coal_ore":16,"minecraft:dirt":25,"minecraft:stripped_oak_log":4,"minecraft:cobweb":25,"minecraft:stone":83,"minecraft:player_head":2,"minecraft:oak_leaves":6},"minecraft:killed_by":{"decayingmobsbackport:weeping_chaser":3,"vivilly_dweller:vivilly_dweller":1,"man:managgresive":1,"sanitydim:sneaking_terror":1,"kevin_trophy:zombie_brute":23,"mutantmonsters:mutant_skeleton":1,"minecraft:zombie":1,"jacky:jacky":2,"assimilator:assimilator":2},"minecraft:picked_up":{"minecraft:stripped_oak_log":8,"minecraft:birch_log":2,"minecraft:crafting_table":1,"minecraft:smoker":1,"minecraft:tuff":1,"marbledsarsenal:baseball_bat":21,"minecraft:oak_log":30,"minecraft:dirt":106,"minecraft:string":23,"minecraft:cooked_salmon":43,"minecraft:netherite_scrap":2,"minecraft:cooked_mutton":1,"minecraft:wheat_seeds":1,"minecraft:bucket":1,"minecraft:stone_pickaxe":18,"minecraft:stripped_oak_wood":4,"minecraft:player_head":4,"minecraft:oak_planks":24,"minecraft:chest":1,"minecraft:egg":2,"minecraft:stick":16,"minecraft:raw_iron":5,"minecraft:torch":2,"minecraft:dandelion":9,"minecraft:redstone":4,"minecraft:stone_sword":5,"minecraft:stone_shovel":1,"minecraft:stone_axe":14,"minecraft:bone_meal":14,"minecraft:mutton":3,"minecraft:coal":18,"minecraft:white_wool":4,"minecraft:cobblestone":202},"minecraft:broken":{"minecraft:stone_axe":1},"minecraft:dropped":{"minecraft:stone_pickaxe":1,"marbledsarsenal:baseball_bat":1}},"DataVersion":3120}