{"stats":{"minecraft:picked_up":{"rottencreatures:frozen_rotten_flesh":33,"minecraft:wheat":96,"minecraft:chainmail_boots":1,"minecraft:anvil":1,"minecraft:oak_stairs":8,"minecraft:potion":2,"minecraft:nether_brick":27,"minecraft:stone_brick_stairs":1,"minecraft:brewing_stand":8,"minecraft:golden_sword":66,"minecraft:string":68,"minecraft:dark_oak_trapdoor":8,"minecraft:soul_soil":6,"minecraft:shroomlight":1,"minecraft:beetroot":7,"create:mechanical_press":3,"minecraft:gold_nugget":317,"minecraft:bucket":4,"minecraft:redstone_torch":37,"minecraft:cobblestone_slab":1144,"minecraft:iron_pickaxe":7,"minecraft:melon_slice":12,"minecraft:furnace":2,"minecraft:iron_boots":4,"minecraft:dark_oak_door":32,"minecraft:golden_helmet":5,"minecraft:stick":358,"minecraft:composter":2,"minecraft:torch":80,"create:andesite_casing":3,"minecraft:pointed_dripstone":1,"minecraft:diorite":1,"minecraft:golden_chestplate":7,"minecraft:cauldron":2,"create:large_cogwheel":20,"minecraft:stone_sword":77,"minecraft:cactus":3,"minecraft:rotten_flesh":1509,"minecraft:obsidian":3,"minecraft:cod":1,"minecraft:snowball":1288,"minecraft:cobblestone":2658,"minecraft:magma_block":104,"minecraft:leather_chestplate":7,"minecraft:feather":3,"minecraft:magma_cream":14,"minecraft:water_bucket":3,"minecraft:dark_oak_boat":44,"minecraft:golden_leggings":14,"minecraft:potato":326,"minecraft:dirt":175,"minecraft:twisting_vines":6,"minecraft:leather_boots":5,"minecraft:bone":637,"minecraft:bow":56,"minecraft:wheat_seeds":318,"create:mechanical_drill":7,"minecraft:dark_oak_sign":4,"create:shaft":1,"minecraft:fletching_table":2,"minecraft:glowstone_dust":60,"minecraft:bamboo":11,"minecraft:moss_block":2,"minecraft:stone_hoe":2,"create:cogwheel":22,"minecraft:warped_wart_block":1,"minecraft:poisonous_potato":3,"minecraft:sand":14,"minecraft:spectral_arrow":63,"minecraft:dark_oak_log":1095,"minecraft:sugar":2,"minecraft:crossbow":1,"minecraft:chainmail_helmet":1,"minecraft:bread":52,"minecraft:rooted_dirt":3,"minecraft:oak_sapling":34,"minecraft:netherrack":15,"minecraft:crimson_roots":2,"rottencreatures:magma_rotten_flesh":127,"minecraft:fishing_rod":3,"minecraft:crafting_table":4,"minecraft:ladder":16,"minecraft:chicken":3,"minecraft:nether_wart":21,"minecraft:leather_leggings":7,"minecraft:wooden_pickaxe":2,"minecraft:stone_brick_wall":5,"minecraft:moss_carpet":1,"minecraft:iron_axe":4,"minecraft:blackstone":84,"minecraft:blue_orchid":1,"create:basin":5,"minecraft:iron_nugget":30,"minecraft:poppy":5,"minecraft:sugar_cane":7,"minecraft:chest":6,"minecraft:dark_oak_sapling":106,"minecraft:raw_iron":2,"minecraft:stone":52,"minecraft:fire_charge":4,"minecraft:carrot":107,"minecraft:dark_oak_planks":755,"minecraft:arrow":766,"minecraft:stone_shovel":5,"minecraft:beetroot_seeds":19,"minecraft:pink_tulip":1,"minecraft:gold_ingot":19,"minecraft:white_wool":7,"minecraft:oxeye_daisy":1,"minecraft:leather":31,"minecraft:crimson_fungus":1,"minecraft:oak_log":39,"minecraft:chainmail_chestplate":1,"minecraft:golden_boots":5,"minecraft:cobblestone_wall":108,"minecraft:gunpowder":493,"minecraft:cobblestone_stairs":17,"minecraft:wooden_hoe":1,"minecraft:apple":10,"minecraft:iron_ingot":107,"minecraft:stone_pickaxe":31,"minecraft:glass_bottle":2,"minecraft:iron_sword":8,"minecraft:soul_sand":16,"minecraft:dark_oak_stairs":6,"minecraft:dark_oak_slab":2180,"minecraft:warped_fungus":1,"create:large_water_wheel":3,"minecraft:pumpkin":8,"minecraft:chiseled_stone_bricks":11,"minecraft:quartz":24,"minecraft:dandelion":1,"minecraft:gravel":93,"minecraft:white_bed":8,"minecraft:crying_obsidian":20,"minecraft:spider_eye":7,"minecraft:leather_helmet":3,"minecraft:stone_axe":57,"minecraft:warped_roots":3,"minecraft:dark_oak_wood":1,"minecraft:hopper":4,"minecraft:ender_pearl":18},"minecraft:mined":{"minecraft:dark_oak_planks":44,"minecraft:white_bed":7,"minecraft:oak_sapling":1,"minecraft:farmland":75,"create:andesite_casing":3,"minecraft:cobblestone_stairs":9,"minecraft:brewing_stand":8,"minecraft:grass_block":30,"minecraft:soul_soil":6,"minecraft:hopper":4,"minecraft:composter":2,"minecraft:crimson_fungus":1,"minecraft:oxeye_daisy":1,"minecraft:nether_wart":3,"minecraft:glowstone":17,"minecraft:dark_oak_trapdoor":9,"minecraft:fire":14,"minecraft:pumpkin":8,"minecraft:fletching_table":1,"minecraft:anvil":1,"minecraft:dark_oak_stairs":6,"minecraft:pointed_dripstone":1,"minecraft:oak_stairs":8,"minecraft:pink_tulip":1,"minecraft:blue_orchid":1,"create:mechanical_press":3,"create:cogwheel":18,"minecraft:twisting_vines_plant":2,"minecraft:torch":21,"minecraft:dark_oak_wood":1,"minecraft:poppy":1,"minecraft:melon":3,"minecraft:chest":5,"minecraft:cobblestone":1676,"minecraft:sugar_cane":5,"minecraft:wall_torch":6,"minecraft:cauldron":2,"create:large_water_wheel":2,"create:basin":5,"minecraft:dark_oak_slab":211,"minecraft:dark_oak_door":5,"minecraft:wheat":78,"minecraft:warped_fungus":1,"minecraft:grass":4,"minecraft:oak_log":39,"minecraft:beetroots":7,"minecraft:sand":14,"minecraft:dirt":46,"minecraft:netherrack":17,"minecraft:oak_leaves":53,"minecraft:nether_gold_ore":2,"minecraft:dark_oak_leaves":25,"minecraft:dark_oak_log":795,"minecraft:ladder":13,"create:large_cogwheel":16,"minecraft:crimson_roots":2,"minecraft:rooted_dirt":2,"minecraft:furnace":2,"minecraft:carrots":22,"minecraft:nether_sprouts":1,"minecraft:snow":824,"minecraft:potatoes":92,"minecraft:shroomlight":1,"minecraft:cobblestone_slab":259,"minecraft:bamboo":1,"minecraft:white_wool":1,"minecraft:redstone_wall_torch":27,"minecraft:soul_sand":8,"minecraft:dandelion":1,"minecraft:crafting_table":2,"minecraft:warped_roots":3,"minecraft:tall_grass":6,"minecraft:diorite":1,"minecraft:warped_wart_block":1,"create:water_wheel_structure":1,"minecraft:cactus":2,"minecraft:cobblestone_wall":22,"minecraft:redstone_torch":7,"minecraft:ice":22,"create:mechanical_drill":7,"minecraft:fern":3},"minecraft:killed":{"minecraft:witch":6,"minecraft:zombified_piglin":591,"rottencreatures:burned":115,"minecraft:spider":19,"thebeastinthedark:the_beast_flees":3,"minecraft:skeleton":549,"minecraft:chicken":2,"the_player:the_player":4,"minecraft:piglin":75,"minecraft:zombie_villager":11,"rottencreatures:frostbitten":24,"minecraft:creeper":460,"minecraft:zombie":593,"the_player:fake_fake_player":6,"rottencreatures:undead_miner":1,"rottencreatures:glacial_hunter":3,"kevin_trophy:crawler_zombie":16,"minecraft:enderman":2},"minecraft:used":{"minecraft:beetroot":4,"minecraft:ladder":45,"minecraft:chest":28,"minecraft:nether_wart":5,"minecraft:iron_sword":465,"minecraft:zombie_spawn_egg":7,"minecraft:rotten_flesh":30,"minecraft:soul_sand":4,"create:cogwheel":37,"minecraft:carrot":21,"create:depot":1,"minecraft:snowball":537,"minecraft:obsidian":10,"minecraft:lava_bucket":23,"minecraft:villager_spawn_egg":5,"minecraft:dark_oak_wood":1,"minecraft:dark_oak_slab":3035,"minecraft:golden_sword":35,"minecraft:bow":36,"minecraft:dark_oak_boat":47,"minecraft:oak_sapling":7,"minecraft:furnace":10,"create:mechanical_drill":8,"minecraft:beetroot_seeds":11,"rottencreatures:frozen_rotten_flesh":2,"minecraft:potato":114,"minecraft:dark_oak_sapling":109,"minecraft:leather_leggings":1,"minecraft:chiseled_polished_blackstone":1,"minecraft:dark_oak_stairs":34,"minecraft:diorite":3,"minecraft:stone_pickaxe":1857,"minecraft:dark_oak_sign":5,"minecraft:cactus":1,"minecraft:wooden_pickaxe":29,"minecraft:composter":6,"minecraft:sugar_cane":5,"minecraft:white_wool":2,"minecraft:dark_oak_trapdoor":14,"minecraft:sand":4,"minecraft:pumpkin_seeds":4,"minecraft:redstone_torch":3,"minecraft:dark_oak_log":11,"minecraft:melon_slice":10,"minecraft:bread":4,"minecraft:blackstone_slab":2,"create:basin":5,"minecraft:ice":2,"minecraft:bone_meal":195,"create:large_cogwheel":30,"minecraft:stone_sword":3167,"minecraft:flint_and_steel":40,"minecraft:stone_shovel":908,"minecraft:stone_hoe":19,"minecraft:anvil":3,"minecraft:dirt":113,"minecraft:torch":81,"minecraft:brewing_stand":9,"minecraft:warped_wart_block":1,"minecraft:hopper":7,"minecraft:cobblestone_wall":111,"minecraft:shroomlight":1,"minecraft:dark_oak_planks":507,"minecraft:rooted_dirt":1,"minecraft:iron_axe":27,"minecraft:oak_stairs":9,"minecraft:iron_boots":2,"minecraft:bamboo":1,"minecraft:soul_soil":2,"minecraft:pumpkin":6,"minecraft:pointed_dripstone":2,"minecraft:wheat_seeds":84,"minecraft:water_bucket":59,"minecraft:cobblestone_stairs":12,"minecraft:snow_block":4,"minecraft:cauldron":3,"minecraft:fletching_table":2,"minecraft:cobblestone_slab":2889,"minecraft:crafting_table":10,"minecraft:white_bed":18,"minecraft:campfire":1,"minecraft:dark_oak_fence_gate":1,"minecraft:dark_oak_door":27,"minecraft:wooden_hoe":5,"create:mechanical_press":4,"minecraft:iron_pickaxe":199,"create:large_water_wheel":4,"minecraft:golden_leggings":6,"minecraft:stone_axe":1090,"minecraft:fishing_rod":2,"minecraft:cobblestone":706,"minecraft:bucket":69,"minecraft:splash_potion":50},"minecraft:custom":{"minecraft:interact_with_crafting_table":326,"minecraft:leave_game":32,"minecraft:time_since_death":2494,"minecraft:sprint_one_cm":2659916,"minecraft:drop":261,"minecraft:talked_to_villager":42,"minecraft:play_time":1410686,"minecraft:deaths":306,"minecraft:jump":9090,"minecraft:walk_on_water_one_cm":77063,"minecraft:interact_with_furnace":80,"minecraft:traded_with_villager":116,"minecraft:sleep_in_bed":11,"minecraft:damage_dealt":142343,"minecraft:player_kills":4,"minecraft:crouch_one_cm":800634,"minecraft:use_cauldron":3,"minecraft:interact_with_anvil":1,"minecraft:mob_kills":2630,"minecraft:inspect_hopper":7,"minecraft:interact_with_campfire":5,"minecraft:damage_dealt_resisted":25737,"minecraft:climb_one_cm":163166,"minecraft:walk_one_cm":4930028,"minecraft:sneak_time":240524,"minecraft:walk_under_water_one_cm":22878,"minecraft:boat_one_cm":207557,"minecraft:total_world_time":1410686,"minecraft:time_since_rest":2537,"minecraft:damage_taken":88458,"minecraft:swim_one_cm":999,"minecraft:fly_one_cm":1611522,"minecraft:open_chest":2568,"minecraft:fall_one_cm":211728},"minecraft:killed_by":{"minecraft:zombie_villager":16,"minecraft:zombified_piglin":15,"minecraft:creeper":2,"simon:simon_12":3,"sanitydim:rotting_stalker":1,"rottencreatures:burned":4,"mimicer:mimicer":2,"vivilly_dweller:vivilly_dweller":14,"man:managgresive":2,"sanitydim:sneaking_terror":11,"skinwalker_overhaul:skinwalker_overhaul":41,"minecraft:piglin":2,"minecraft:zombie":5,"minecraft:witch":12,"torture:torture":17,"thebeastinthedark:the_dark_beast":3,"kim_dweller:kim_dweller":15,"rottencreatures:undead_miner":1,"krampus:krampus":11,"minecraft:player":1,"rottencreatures:glacial_hunter":1,"minecraft:spider":1,"jacky:jacky":38,"mutantmonsters:mutant_skeleton":3,"minecraft:skeleton":5,"assimilator:assimilator":21,"rottencreatures:frostbitten":2},"minecraft:dropped":{"minecraft:moss_block":1,"minecraft:dark_oak_slab":809,"minecraft:crossbow":1,"minecraft:cobblestone_stairs":8,"minecraft:dirt":6,"minecraft:dark_oak_trapdoor":3,"minecraft:gold_nugget":1,"minecraft:dark_oak_planks":207,"minecraft:gold_ingot":68,"minecraft:dark_oak_door":3,"minecraft:stone_axe":20,"minecraft:wheat":1,"minecraft:beetroot":1,"minecraft:rotten_flesh":2,"minecraft:white_bed":1,"minecraft:chiseled_stone_bricks":11,"minecraft:poppy":4,"minecraft:gunpowder":1,"minecraft:stone_brick_wall":5,"rottencreatures:frozen_rotten_flesh":1,"minecraft:stone_brick_stairs":1,"minecraft:quartz":2,"minecraft:water_bucket":1,"minecraft:stone_hoe":2,"minecraft:iron_ingot":60,"create:polished_rose_quartz":1,"minecraft:cobblestone":204,"minecraft:apple":1,"minecraft:stick":1,"minecraft:diorite":1,"minecraft:torch":62,"minecraft:oak_stairs":1,"minecraft:iron_axe":1,"minecraft:bucket":2,"minecraft:anvil":1,"minecraft:zombie_spawn_egg":1,"minecraft:stone_sword":4,"minecraft:cobblestone_wall":54,"minecraft:composter":2,"minecraft:stone_shovel":2,"minecraft:villager_spawn_egg":1,"minecraft:name_tag":1,"minecraft:filled_map":1,"minecraft:potato":170,"minecraft:cobblestone_slab":255,"minecraft:stone":52,"minecraft:oak_sapling":1,"minecraft:redstone_torch":9,"minecraft:wooden_pickaxe":2,"minecraft:stone_pickaxe":9},"minecraft:broken":{"minecraft:golden_leggings":1,"minecraft:stone_pickaxe":6,"minecraft:golden_sword":2,"minecraft:chainmail_chestplate":1,"minecraft:stone_axe":2,"minecraft:stone_shovel":6,"minecraft:stone_sword":8},"minecraft:crafted":{"minecraft:oak_planks":40,"minecraft:cobblestone_slab":2388,"minecraft:dark_oak_boat":19,"minecraft:dark_oak_wood":3,"minecraft:cobblestone_stairs":16,"minecraft:dark_oak_door":6,"minecraft:hopper":3,"minecraft:bow":13,"create:mechanical_press":1,"minecraft:chest":26,"minecraft:stone_hoe":2,"create:cogwheel":5,"create:depot":1,"minecraft:emerald":80,"create:rose_quartz":7,"minecraft:cauldron":1,"minecraft:crafting_table":9,"minecraft:wooden_pickaxe":2,"create:sand_paper":1,"minecraft:fletching_table":1,"minecraft:brewing_stand":1,"minecraft:pumpkin_seeds":4,"minecraft:campfire":1,"minecraft:diorite":16,"minecraft:dark_oak_slab":2940,"minecraft:paper":3,"minecraft:charcoal":219,"create:water_wheel":1,"minecraft:stick":1932,"minecraft:iron_ingot":2,"minecraft:iron_block":4,"minecraft:stone_sword":45,"minecraft:snow_block":10,"minecraft:gold_ingot":58,"create:large_cogwheel":5,"minecraft:composter":1,"minecraft:dark_oak_fence_gate":1,"minecraft:redstone":72,"minecraft:stone_shovel":15,"minecraft:fishing_rod":1,"minecraft:iron_nugget":19,"minecraft:furnace":8,"minecraft:dark_oak_trapdoor":4,"minecraft:dark_oak_sign":6,"minecraft:bone_meal":195,"minecraft:flint_and_steel":1,"minecraft:iron_axe":1,"minecraft:ladder":33,"minecraft:stone_pickaxe":26,"minecraft:cobblestone_wall":96,"create:basin":1,"create:electron_tube":7,"minecraft:dark_oak_planks":3784,"create:andesite_alloy":16,"minecraft:dark_oak_stairs":28,"minecraft:iron_sword":3,"create:large_water_wheel":1,"minecraft:bucket":1,"minecraft:stone_axe":23,"minecraft:air":0,"minecraft:bread":31,"minecraft:white_wool":13,"minecraft:golden_apple":1,"minecraft:gold_nugget":50,"minecraft:anvil":1,"minecraft:white_bed":9,"create:mechanical_drill":1,"create:shaft":16,"minecraft:andesite":32,"minecraft:torch":80,"minecraft:blackstone_slab":6}},"DataVersion":3120}