{"stats":{"minecraft:killed":{"minecraft:sheep":2},"minecraft:custom":{"minecraft:time_since_rest":7596,"minecraft:sprint_one_cm":58222,"minecraft:damage_taken":1030,"minecraft:walk_one_cm":91099,"minecraft:mob_kills":2,"minecraft:drop":1,"minecraft:damage_dealt":197,"minecraft:interact_with_crafting_table":5,"minecraft:fly_one_cm":34490,"minecraft:crouch_one_cm":686,"minecraft:play_time":16427,"minecraft:deaths":3,"minecraft:sneak_time":309,"minecraft:walk_under_water_one_cm":987,"minecraft:jump":309,"minecraft:time_since_death":7412,"minecraft:walk_on_water_one_cm":3666,"minecraft:total_world_time":16427,"minecraft:fall_one_cm":7049},"minecraft:crafted":{"minecraft:oak_door":3,"minecraft:oak_planks":60,"minecraft:stone_shovel":1,"minecraft:crafting_table":1,"minecraft:stick":12,"minecraft:stone_pickaxe":2,"minecraft:stone_sword":1,"minecraft:chest":2,"minecraft:furnace":1,"minecraft:birch_planks":8,"minecraft:stone_axe":1},"minecraft:used":{"minecraft:birch_planks":2,"minecraft:stone_shovel":13,"minecraft:stone_pickaxe":58,"minecraft:oak_door":1,"minecraft:stone_axe":4,"minecraft:dirt":1,"minecraft:cobblestone":1,"minecraft:crafting_table":2,"minecraft:egg":1},"minecraft:mined":{"minecraft:mossy_cobblestone":3,"minecraft:birch_log":2,"minecraft:birch_leaves":7,"minecraft:crafting_table":1,"minecraft:coal_ore":7,"minecraft:grass":3,"minecraft:grass_block":6,"minecraft:oak_log":15,"minecraft:dirt":10,"minecraft:stone":47,"minecraft:oak_leaves":6},"minecraft:killed_by":{"man:managgresive":1,"mutantmonsters:mutant_skeleton":1,"minecraft:zombie":1},"minecraft:picked_up":{"minecraft:birch_log":2,"minecraft:crafting_table":1,"minecraft:tuff":1,"minecraft:oak_log":15,"minecraft:dirt":28,"minecraft:mutton":3,"minecraft:coal":6,"minecraft:white_wool":2,"minecraft:cobblestone":54,"minecraft:egg":1},"minecraft:dropped":{"minecraft:stone_pickaxe":1}},"DataVersion":3120}