{"stats":{"minecraft:killed_by":{"minecraft:zombie_villager":12,"minecraft:player":1,"minecraft:creeper":2,"minecraft:spider":1,"rottencreatures:glacial_hunter":1,"jacky:jacky":14,"sanitydim:rotting_stalker":1,"facelesssteve:facelesszombie":12,"mimicer:mimicer":1,"man:managgresive":1,"vivilly_dweller:vivilly_dweller":9,"sanitydim:sneaking_terror":4,"skinwalker_overhaul:skinwalker_overhaul":17,"mutantmonsters:mutant_skeleton":3,"minecraft:skeleton":5,"minecraft:witch":10,"minecraft:zombie":3,"torture:torture":9,"thebeastinthedark:the_dark_beast":1,"assimilator:assimilator":7,"kim_dweller:kim_dweller":11,"rottencreatures:frostbitten":1,"rottencreatures:undead_miner":1,"krampus:krampus":4},"minecraft:custom":{"minecraft:mob_kills":425,"minecraft:interact_with_crafting_table":161,"minecraft:interact_with_campfire":5,"minecraft:damage_dealt_resisted":24,"minecraft:leave_game":15,"minecraft:time_since_death":3220,"minecraft:climb_one_cm":47482,"minecraft:sprint_one_cm":983528,"minecraft:walk_one_cm":2801311,"minecraft:drop":117,"minecraft:play_time":654492,"minecraft:sneak_time":118789,"minecraft:deaths":149,"minecraft:walk_under_water_one_cm":10878,"minecraft:boat_one_cm":121238,"minecraft:jump":3954,"minecraft:walk_on_water_one_cm":20383,"minecraft:total_world_time":654492,"minecraft:interact_with_furnace":31,"minecraft:time_since_rest":3244,"minecraft:damage_taken":44071,"minecraft:damage_dealt":53120,"minecraft:player_kills":4,"minecraft:fly_one_cm":354172,"minecraft:open_chest":1035,"minecraft:crouch_one_cm":390111,"minecraft:fall_one_cm":108355},"minecraft:dropped":{"minecraft:water_bucket":1,"minecraft:stone_hoe":2,"minecraft:moss_block":1,"minecraft:dark_oak_slab":806,"minecraft:cobblestone":132,"minecraft:apple":1,"minecraft:dirt":6,"minecraft:diorite":1,"minecraft:torch":62,"minecraft:oak_stairs":1,"minecraft:dark_oak_planks":207,"minecraft:bucket":2,"minecraft:dark_oak_door":3,"minecraft:stone_axe":20,"minecraft:stone_sword":4,"minecraft:cobblestone_wall":27,"minecraft:wheat":1,"minecraft:stone_shovel":2,"minecraft:beetroot":1,"minecraft:rotten_flesh":1,"minecraft:filled_map":1,"minecraft:cobblestone_slab":244,"minecraft:gunpowder":1,"minecraft:oak_sapling":1,"rottencreatures:frozen_rotten_flesh":1,"minecraft:wooden_pickaxe":2,"minecraft:stone_pickaxe":8},"minecraft:broken":{"minecraft:stone_sword":2,"minecraft:stone_pickaxe":5,"minecraft:stone_axe":1,"minecraft:stone_shovel":6},"minecraft:picked_up":{"minecraft:fishing_rod":3,"rottencreatures:frozen_rotten_flesh":29,"minecraft:crafting_table":4,"minecraft:wheat":48,"minecraft:nether_wart":6,"minecraft:chicken":1,"minecraft:ladder":4,"minecraft:wooden_pickaxe":2,"minecraft:oak_stairs":4,"minecraft:soul_soil":6,"minecraft:string":31,"minecraft:moss_carpet":1,"minecraft:shroomlight":1,"minecraft:blue_orchid":1,"minecraft:beetroot":7,"minecraft:gold_nugget":2,"minecraft:bucket":3,"minecraft:cobblestone_slab":257,"minecraft:poppy":1,"minecraft:iron_pickaxe":1,"minecraft:melon_slice":12,"minecraft:chest":4,"minecraft:furnace":2,"minecraft:dark_oak_door":30,"minecraft:dark_oak_sapling":83,"minecraft:stick":89,"minecraft:raw_iron":2,"minecraft:torch":58,"minecraft:diorite":1,"minecraft:carrot":68,"minecraft:golden_chestplate":2,"minecraft:dark_oak_planks":518,"minecraft:stone_sword":48,"minecraft:arrow":208,"minecraft:cactus":3,"minecraft:stone_shovel":5,"minecraft:rotten_flesh":230,"minecraft:beetroot_seeds":19,"minecraft:pink_tulip":1,"minecraft:cod":1,"minecraft:snowball":1249,"minecraft:white_wool":6,"minecraft:cobblestone":1419,"minecraft:oxeye_daisy":1,"minecraft:leather_chestplate":1,"minecraft:magma_block":2,"minecraft:water_bucket":2,"minecraft:dark_oak_boat":25,"minecraft:leather":2,"minecraft:golden_leggings":4,"minecraft:potato":5,"minecraft:crimson_fungus":1,"minecraft:oak_log":39,"minecraft:cobblestone_wall":26,"minecraft:gunpowder":95,"minecraft:wooden_hoe":1,"minecraft:dirt":99,"minecraft:twisting_vines":6,"minecraft:leather_boots":2,"minecraft:bone":117,"minecraft:apple":8,"minecraft:bow":7,"minecraft:wheat_seeds":146,"minecraft:iron_ingot":1,"minecraft:stone_pickaxe":23,"minecraft:soul_sand":4,"minecraft:glass_bottle":1,"minecraft:glowstone_dust":60,"minecraft:bamboo":11,"minecraft:moss_block":2,"minecraft:dark_oak_stairs":5,"minecraft:warped_fungus":1,"minecraft:dark_oak_slab":1820,"minecraft:pumpkin":8,"minecraft:warped_wart_block":1,"minecraft:quartz":3,"minecraft:dandelion":1,"minecraft:sand":13,"minecraft:dark_oak_log":632,"minecraft:spider_eye":6,"minecraft:leather_helmet":1,"minecraft:sugar":2,"minecraft:stone_axe":51,"minecraft:warped_roots":3,"minecraft:rooted_dirt":2,"minecraft:oak_sapling":34,"minecraft:crimson_roots":2,"rottencreatures:magma_rotten_flesh":2},"minecraft:used":{"minecraft:beetroot":4,"minecraft:stone_sword":1139,"minecraft:flint_and_steel":40,"minecraft:stone_shovel":830,"minecraft:ladder":24,"minecraft:chest":14,"minecraft:nether_wart":4,"minecraft:stone_hoe":9,"minecraft:rotten_flesh":23,"minecraft:soul_sand":4,"minecraft:torch":61,"minecraft:warped_wart_block":1,"minecraft:dirt":39,"minecraft:cobblestone_wall":24,"minecraft:carrot":8,"minecraft:snowball":537,"minecraft:obsidian":10,"minecraft:shroomlight":1,"minecraft:dark_oak_planks":245,"minecraft:lava_bucket":16,"minecraft:oak_stairs":5,"minecraft:rooted_dirt":1,"minecraft:dark_oak_slab":2307,"minecraft:bamboo":1,"minecraft:bow":25,"minecraft:dark_oak_boat":36,"minecraft:soul_soil":2,"minecraft:oak_sapling":7,"minecraft:furnace":5,"minecraft:beetroot_seeds":11,"rottencreatures:frozen_rotten_flesh":2,"minecraft:potato":5,"minecraft:pumpkin":6,"minecraft:dark_oak_sapling":81,"minecraft:wheat_seeds":67,"minecraft:dark_oak_stairs":22,"minecraft:water_bucket":36,"minecraft:diorite":3,"minecraft:snow_block":2,"minecraft:stone_pickaxe":1194,"minecraft:cactus":1,"minecraft:wooden_pickaxe":29,"minecraft:cobblestone_slab":585,"minecraft:white_wool":2,"minecraft:sand":2,"minecraft:crafting_table":6,"minecraft:white_bed":1,"minecraft:campfire":1,"minecraft:pumpkin_seeds":4,"minecraft:dark_oak_door":22,"minecraft:wooden_hoe":5,"minecraft:bread":1,"minecraft:melon_slice":4,"minecraft:iron_pickaxe":47,"minecraft:golden_leggings":1,"minecraft:stone_axe":778,"minecraft:fishing_rod":2,"minecraft:cobblestone":190,"minecraft:bucket":39,"minecraft:ice":2,"minecraft:bone_meal":3,"minecraft:splash_potion":50},"minecraft:crafted":{"minecraft:oak_planks":40,"minecraft:cobblestone_slab":654,"minecraft:stone_shovel":14,"minecraft:fishing_rod":1,"minecraft:dark_oak_boat":19,"minecraft:furnace":3,"minecraft:bone_meal":3,"minecraft:flint_and_steel":1,"minecraft:dark_oak_door":6,"minecraft:bow":2,"minecraft:ladder":21,"minecraft:stone_pickaxe":19,"minecraft:cobblestone_wall":36,"minecraft:chest":11,"create:cogwheel":3,"minecraft:dark_oak_planks":2096,"minecraft:stone_hoe":2,"create:andesite_alloy":2,"minecraft:dark_oak_stairs":20,"minecraft:crafting_table":5,"minecraft:wooden_pickaxe":2,"create:large_water_wheel":1,"minecraft:pumpkin_seeds":4,"minecraft:campfire":1,"minecraft:stone_axe":20,"minecraft:bread":21,"minecraft:diorite":2,"minecraft:air":0,"minecraft:dark_oak_slab":2358,"create:water_wheel":1,"minecraft:charcoal":91,"minecraft:stick":176,"minecraft:iron_ingot":1,"minecraft:stone_sword":22,"minecraft:snow_block":6,"create:large_cogwheel":3,"minecraft:white_bed":1,"create:shaft":8,"minecraft:andesite":4,"minecraft:torch":60},"minecraft:killed":{"facelesssteve:facelesscreeper":22,"minecraft:zombified_piglin":1,"minecraft:witch":3,"rottencreatures:burned":1,"minecraft:spider":19,"thebeastinthedark:the_beast_flees":2,"minecraft:skeleton":96,"facelesssteve:facelesszombie":45,"screaming_villager:screaming_sheep":4,"rottencreatures:undead_miner":1,"minecraft:piglin":1,"rottencreatures:frostbitten":22,"minecraft:creeper":79,"rottencreatures:glacial_hunter":3,"kevin_trophy:crawler_zombie":3,"minecraft:zombie":121,"minecraft:enderman":2},"minecraft:mined":{"minecraft:dark_oak_planks":37,"minecraft:oak_sapling":1,"minecraft:farmland":1,"minecraft:dark_oak_leaves":19,"minecraft:dark_oak_log":512,"minecraft:ladder":3,"minecraft:grass_block":30,"minecraft:crimson_roots":2,"minecraft:soul_soil":6,"minecraft:crimson_fungus":1,"minecraft:nether_wart":2,"minecraft:oxeye_daisy":1,"minecraft:rooted_dirt":2,"minecraft:glowstone":17,"minecraft:furnace":2,"minecraft:carrots":15,"minecraft:nether_sprouts":1,"minecraft:fire":14,"minecraft:snow":824,"minecraft:pumpkin":8,"minecraft:dark_oak_stairs":5,"minecraft:shroomlight":1,"minecraft:potatoes":1,"minecraft:cobblestone_slab":41,"minecraft:oak_stairs":5,"minecraft:pink_tulip":1,"minecraft:bamboo":1,"minecraft:blue_orchid":1,"minecraft:white_wool":1,"minecraft:soul_sand":4,"minecraft:twisting_vines_plant":2,"minecraft:dandelion":1,"minecraft:crafting_table":2,"minecraft:torch":20,"minecraft:poppy":1,"minecraft:melon":3,"minecraft:warped_roots":3,"minecraft:chest":3,"minecraft:tall_grass":6,"minecraft:cobblestone":1198,"minecraft:diorite":1,"minecraft:wall_torch":3,"minecraft:warped_wart_block":1,"minecraft:cactus":2,"minecraft:dark_oak_slab":137,"minecraft:cobblestone_wall":2,"minecraft:dark_oak_door":4,"minecraft:wheat":45,"minecraft:ice":15,"minecraft:warped_fungus":1,"minecraft:grass":4,"minecraft:oak_log":39,"minecraft:beetroots":7,"minecraft:sand":13,"minecraft:dirt":44,"minecraft:oak_leaves":53,"minecraft:fern":3}},"DataVersion":3120}