{"stats":{"minecraft:killed":{"minecraft:sheep":2},"minecraft:custom":{"minecraft:interact_with_furnace":10,"minecraft:mob_kills":2,"minecraft:interact_with_crafting_table":8,"minecraft:time_since_death":4914,"minecraft:time_since_rest":4942,"minecraft:sprint_one_cm":72813,"minecraft:damage_taken":1616,"minecraft:walk_one_cm":192677,"minecraft:drop":1,"minecraft:damage_dealt":2746,"minecraft:fly_one_cm":48825,"minecraft:open_chest":20,"minecraft:crouch_one_cm":1098,"minecraft:play_time":34427,"minecraft:deaths":5,"minecraft:sneak_time":556,"minecraft:walk_under_water_one_cm":1651,"minecraft:jump":413,"minecraft:walk_on_water_one_cm":8914,"minecraft:total_world_time":34427,"minecraft:interact_with_smoker":4,"minecraft:fall_one_cm":8988},"minecraft:crafted":{"minecraft:oak_door":3,"minecraft:oak_planks":60,"minecraft:cobblestone_slab":6,"minecraft:stone_shovel":1,"minecraft:crafting_table":1,"minecraft:furnace":1,"minecraft:birch_planks":8,"minecraft:stone_axe":1,"minecraft:cooked_mutton":3,"minecraft:air":0,"minecraft:stick":12,"minecraft:iron_ingot":2,"minecraft:stone_pickaxe":2,"minecraft:stone_sword":1,"minecraft:chest":2,"minecraft:white_bed":1,"minecraft:torch":12},"minecraft:used":{"minecraft:cooked_mutton":2,"minecraft:stone_sword":91,"minecraft:birch_planks":2,"minecraft:stone_shovel":24,"minecraft:stone_pickaxe":84,"minecraft:chest":3,"minecraft:cobblestone_slab":3,"minecraft:player_head":3,"minecraft:oak_door":1,"minecraft:torch":1,"minecraft:dirt":3,"minecraft:crafting_table":2,"minecraft:white_bed":1,"minecraft:stone_axe":6,"minecraft:cobblestone":1,"minecraft:written_book":1,"minecraft:furnace":1,"minecraft:egg":2},"minecraft:mined":{"minecraft:mossy_cobblestone":3,"minecraft:player_wall_head":1,"minecraft:crafting_table":1,"minecraft:grass_block":8,"minecraft:chest":2,"minecraft:redstone_wire":4,"minecraft:wall_torch":1,"minecraft:birch_log":2,"minecraft:fire":2,"minecraft:birch_leaves":7,"minecraft:grass":3,"minecraft:oak_log":15,"minecraft:coal_ore":16,"minecraft:dirt":24,"minecraft:cobweb":25,"minecraft:stone":64,"minecraft:player_head":2,"minecraft:oak_leaves":6},"minecraft:killed_by":{"decayingmobsbackport:weeping_chaser":1,"man:managgresive":1,"mutantmonsters:mutant_skeleton":1,"minecraft:zombie":1,"jacky:jacky":1},"minecraft:picked_up":{"minecraft:birch_log":2,"minecraft:crafting_table":1,"minecraft:tuff":1,"minecraft:oak_log":17,"minecraft:dirt":38,"minecraft:string":23,"minecraft:cooked_mutton":1,"minecraft:stone_pickaxe":1,"minecraft:player_head":4,"minecraft:chest":1,"minecraft:egg":2,"minecraft:torch":1,"minecraft:redstone":4,"minecraft:stone_sword":2,"minecraft:stone_shovel":1,"minecraft:stone_axe":1,"minecraft:mutton":3,"minecraft:coal":16,"minecraft:white_wool":4,"minecraft:cobblestone":70},"minecraft:dropped":{"minecraft:stone_pickaxe":1}},"DataVersion":3120}