{"stats":{"minecraft:broken":{"minecraft:stone_pickaxe":3,"minecraft:stone_shovel":6},"minecraft:killed_by":{"decayingmobsbackport:weeping_chaser":4,"minecraft:player":1,"rottencreatures:glacial_hunter":1,"jacky:jacky":7,"facelesssteve:facelesszombie":5,"mimicer:mimicer":1,"vivilly_dweller:vivilly_dweller":7,"sanitydim:sneaking_terror":2,"skinwalker_overhaul:skinwalker_overhaul":8,"mutantmonsters:mutant_skeleton":3,"minecraft:skeleton":2,"minecraft:zombie":3,"torture:torture":3,"assimilator:assimilator":2,"kim_dweller:kim_dweller":5,"rottencreatures:frostbitten":1,"krampus:krampus":2},"minecraft:custom":{"minecraft:mob_kills":86,"minecraft:interact_with_crafting_table":108,"minecraft:interact_with_campfire":5,"minecraft:leave_game":12,"minecraft:time_since_death":477,"minecraft:sprint_one_cm":404849,"minecraft:walk_one_cm":1571844,"minecraft:drop":67,"minecraft:play_time":336058,"minecraft:deaths":59,"minecraft:sneak_time":55925,"minecraft:walk_under_water_one_cm":5934,"minecraft:boat_one_cm":19474,"minecraft:jump":2012,"minecraft:walk_on_water_one_cm":11667,"minecraft:total_world_time":336058,"minecraft:interact_with_furnace":22,"minecraft:time_since_rest":506,"minecraft:damage_taken":17005,"minecraft:damage_dealt":25673,"minecraft:fly_one_cm":93149,"minecraft:player_kills":3,"minecraft:open_chest":535,"minecraft:crouch_one_cm":167118,"minecraft:fall_one_cm":40638},"minecraft:used":{"minecraft:beetroot":4,"minecraft:stone_sword":495,"minecraft:stone_shovel":830,"minecraft:chest":6,"decayingmobsbackport:eyeball":3,"minecraft:stone_hoe":7,"minecraft:rotten_flesh":14,"minecraft:torch":24,"minecraft:dirt":39,"minecraft:cobblestone_wall":24,"minecraft:carrot":3,"minecraft:snowball":463,"minecraft:dark_oak_planks":39,"minecraft:lava_bucket":6,"minecraft:oak_stairs":3,"minecraft:dark_oak_slab":431,"minecraft:dark_oak_boat":24,"minecraft:oak_sapling":7,"minecraft:furnace":5,"minecraft:beetroot_seeds":11,"rottencreatures:frozen_rotten_flesh":2,"minecraft:pumpkin":6,"minecraft:dark_oak_sapling":49,"minecraft:wheat_seeds":11,"minecraft:water_bucket":8,"minecraft:snow_block":2,"minecraft:stone_pickaxe":849,"minecraft:cactus":1,"minecraft:wooden_pickaxe":29,"minecraft:cobblestone_slab":195,"minecraft:white_wool":1,"minecraft:sand":1,"minecraft:crafting_table":4,"decayingmobsbackport:eye_of_the_limb_snatcher":2,"minecraft:white_bed":1,"minecraft:campfire":1,"minecraft:pumpkin_seeds":4,"minecraft:dark_oak_door":14,"minecraft:wooden_hoe":5,"minecraft:melon_slice":4,"minecraft:stone_axe":352,"minecraft:cobblestone":75,"minecraft:bucket":11,"minecraft:ice":2},"minecraft:picked_up":{"minecraft:fishing_rod":2,"rottencreatures:frozen_rotten_flesh":20,"minecraft:crafting_table":1,"minecraft:wheat":4,"minecraft:chicken":1,"minecraft:wooden_pickaxe":2,"minecraft:oak_stairs":3,"minecraft:string":21,"minecraft:moss_carpet":1,"minecraft:blue_orchid":1,"minecraft:beetroot":5,"decayingmobsbackport:eyeball":6,"minecraft:cobblestone_slab":61,"minecraft:poppy":1,"minecraft:melon_slice":12,"minecraft:chest":2,"minecraft:furnace":2,"minecraft:dark_oak_door":12,"minecraft:dark_oak_sapling":46,"minecraft:stick":44,"minecraft:torch":3,"minecraft:carrot":8,"minecraft:dark_oak_planks":111,"minecraft:rotten_flesh":57,"minecraft:arrow":18,"minecraft:stone_sword":26,"minecraft:cactus":3,"minecraft:stone_shovel":5,"minecraft:beetroot_seeds":13,"minecraft:pink_tulip":1,"minecraft:cod":1,"minecraft:snowball":1106,"minecraft:white_wool":3,"minecraft:cobblestone":773,"minecraft:oxeye_daisy":1,"minecraft:leather":2,"minecraft:dark_oak_boat":13,"minecraft:oak_log":39,"minecraft:gunpowder":1,"minecraft:cobblestone_wall":17,"minecraft:dirt":93,"minecraft:bone":4,"minecraft:apple":7,"minecraft:wheat_seeds":11,"minecraft:stone_pickaxe":10,"minecraft:moss_block":2,"decayingmobsbackport:spirit_of_the_snatcher":1,"minecraft:dark_oak_slab":279,"minecraft:pumpkin":8,"minecraft:quartz":1,"minecraft:dandelion":1,"minecraft:sand":13,"minecraft:dark_oak_log":340,"minecraft:spider_eye":5,"minecraft:stone_axe":23,"minecraft:rooted_dirt":1,"minecraft:oak_sapling":34},"minecraft:mined":{"minecraft:dark_oak_planks":5,"minecraft:oak_sapling":1,"minecraft:farmland":1,"minecraft:dark_oak_leaves":16,"minecraft:dark_oak_log":258,"minecraft:grass_block":30,"minecraft:oxeye_daisy":1,"minecraft:rooted_dirt":1,"minecraft:furnace":2,"minecraft:carrots":2,"minecraft:fire":5,"minecraft:snow":824,"minecraft:pumpkin":8,"minecraft:cobblestone_slab":10,"minecraft:oak_stairs":5,"minecraft:pink_tulip":1,"minecraft:blue_orchid":1,"minecraft:dandelion":1,"minecraft:crafting_table":1,"minecraft:torch":2,"minecraft:poppy":1,"minecraft:melon":3,"minecraft:chest":2,"minecraft:tall_grass":6,"minecraft:cobblestone":851,"minecraft:cactus":2,"minecraft:dark_oak_slab":10,"minecraft:dark_oak_door":2,"minecraft:wheat":4,"minecraft:ice":4,"minecraft:grass":4,"minecraft:oak_log":39,"minecraft:beetroots":5,"minecraft:sand":13,"minecraft:dirt":44,"minecraft:oak_leaves":53,"minecraft:fern":3},"minecraft:dropped":{"minecraft:stone_hoe":1,"minecraft:moss_block":1,"minecraft:dark_oak_slab":104,"minecraft:cobblestone":74,"minecraft:apple":1,"minecraft:torch":33,"minecraft:dark_oak_planks":1,"minecraft:bucket":1,"minecraft:dark_oak_door":2,"minecraft:stone_axe":15,"minecraft:stone_sword":2,"minecraft:cobblestone_wall":18,"minecraft:wheat":1,"minecraft:stone_shovel":2,"minecraft:beetroot":1,"minecraft:rotten_flesh":1,"minecraft:filled_map":1,"minecraft:cobblestone_slab":201,"minecraft:oak_sapling":1,"rottencreatures:frozen_rotten_flesh":1,"minecraft:wooden_pickaxe":2,"minecraft:stone_pickaxe":3},"minecraft:killed":{"facelesssteve:facelesscreeper":1,"minecraft:witch":1,"minecraft:spider":16,"thebeastinthedark:the_beast_flees":2,"decayingmobsbackport:eye":5,"minecraft:skeleton":2,"decayingmobsbackport:hunted_zombie":4,"facelesssteve:facelesszombie":15,"screaming_villager:screaming_sheep":3,"rottencreatures:frostbitten":17,"decayingmobsbackport:half_pig":2,"minecraft:creeper":2,"rottencreatures:glacial_hunter":3,"kevin_trophy:crawler_zombie":1,"minecraft:zombie":16,"minecraft:enderman":2},"minecraft:crafted":{"minecraft:oak_planks":40,"minecraft:cobblestone_slab":366,"minecraft:stone_shovel":9,"minecraft:fishing_rod":1,"minecraft:dark_oak_boat":19,"minecraft:furnace":3,"minecraft:dark_oak_door":6,"minecraft:stone_pickaxe":11,"minecraft:cobblestone_wall":36,"minecraft:chest":4,"minecraft:dark_oak_planks":564,"minecraft:stone_hoe":1,"decayingmobsbackport:eye_of_the_limb_snatcher":1,"minecraft:crafting_table":3,"minecraft:wooden_pickaxe":2,"minecraft:pumpkin_seeds":4,"minecraft:campfire":1,"minecraft:stone_axe":12,"minecraft:air":0,"minecraft:dark_oak_slab":540,"minecraft:charcoal":91,"minecraft:stick":64,"minecraft:stone_sword":11,"minecraft:snow_block":6,"minecraft:white_bed":1,"minecraft:torch":52}},"DataVersion":3120}