{"stats":{"minecraft:custom":{"minecraft:jump":105,"minecraft:time_since_rest":701,"minecraft:damage_dealt":17,"minecraft:crouch_one_cm":104,"minecraft:deaths":2,"minecraft:sprint_one_cm":11391,"minecraft:play_time":4427,"minecraft:damage_taken":545,"minecraft:time_since_death":661,"minecraft:walk_one_cm":31677,"minecraft:sneak_time":16,"minecraft:total_world_time":4427,"minecraft:fall_one_cm":1555,"minecraft:fly_one_cm":6359},"minecraft:used":{"minecraft:dirt":1},"minecraft:killed_by":{"mutantmonsters:mutant_skeleton":1,"minecraft:zombie":1},"minecraft:mined":{"minecraft:grass_block":1,"minecraft:grass":1,"minecraft:oak_leaves":1,"minecraft:dirt":2},"minecraft:picked_up":{"minecraft:tuff":1,"minecraft:dirt":16,"minecraft:cobblestone":1}},"DataVersion":3120}