{"stats":{"minecraft:broken":{"minecraft:stone_sword":2,"minecraft:stone_pickaxe":5,"minecraft:stone_axe":1,"minecraft:stone_shovel":6},"minecraft:picked_up":{"minecraft:fishing_rod":3,"rottencreatures:frozen_rotten_flesh":29,"minecraft:crafting_table":4,"minecraft:wheat":8,"minecraft:chicken":1,"minecraft:ladder":2,"minecraft:wooden_pickaxe":2,"minecraft:oak_stairs":4,"minecraft:string":29,"minecraft:moss_carpet":1,"minecraft:blue_orchid":1,"minecraft:beetroot":5,"minecraft:bucket":3,"decayingmobsbackport:eyeball":6,"minecraft:cobblestone_slab":253,"minecraft:poppy":1,"minecraft:iron_pickaxe":1,"minecraft:melon_slice":12,"minecraft:chest":4,"minecraft:furnace":2,"minecraft:dark_oak_door":30,"minecraft:dark_oak_sapling":83,"minecraft:stick":88,"minecraft:raw_iron":2,"minecraft:torch":52,"minecraft:diorite":1,"minecraft:carrot":10,"minecraft:dark_oak_planks":518,"minecraft:stone_sword":39,"minecraft:arrow":77,"minecraft:cactus":3,"minecraft:stone_shovel":5,"minecraft:rotten_flesh":114,"minecraft:beetroot_seeds":13,"minecraft:pink_tulip":1,"minecraft:cod":1,"minecraft:snowball":1249,"minecraft:white_wool":5,"minecraft:cobblestone":1398,"minecraft:oxeye_daisy":1,"minecraft:magma_block":2,"minecraft:water_bucket":2,"minecraft:leather":2,"minecraft:dark_oak_boat":15,"minecraft:oak_log":39,"minecraft:cobblestone_wall":26,"minecraft:gunpowder":24,"minecraft:wooden_hoe":1,"minecraft:dirt":99,"minecraft:bone":34,"minecraft:apple":8,"minecraft:bow":2,"minecraft:wheat_seeds":22,"minecraft:stone_pickaxe":23,"minecraft:glowstone_dust":59,"minecraft:bamboo":11,"minecraft:moss_block":2,"minecraft:dark_oak_stairs":5,"minecraft:dark_oak_slab":1818,"decayingmobsbackport:spirit_of_the_snatcher":3,"minecraft:pumpkin":8,"minecraft:quartz":2,"minecraft:dandelion":1,"minecraft:sand":13,"minecraft:dark_oak_log":632,"minecraft:spider_eye":6,"minecraft:stone_axe":46,"minecraft:rooted_dirt":2,"minecraft:oak_sapling":34,"rottencreatures:magma_rotten_flesh":2},"minecraft:killed_by":{"decayingmobsbackport:weeping_chaser":6,"minecraft:player":1,"minecraft:creeper":2,"minecraft:spider":1,"rottencreatures:glacial_hunter":1,"jacky:jacky":11,"sanitydim:rotting_stalker":1,"facelesssteve:facelesszombie":11,"mimicer:mimicer":1,"man:managgresive":1,"vivilly_dweller:vivilly_dweller":9,"sanitydim:sneaking_terror":2,"skinwalker_overhaul:skinwalker_overhaul":14,"mutantmonsters:mutant_skeleton":3,"minecraft:skeleton":4,"minecraft:witch":6,"minecraft:zombie":3,"torture:torture":9,"thebeastinthedark:the_dark_beast":1,"assimilator:assimilator":4,"kim_dweller:kim_dweller":9,"rottencreatures:frostbitten":1,"rottencreatures:undead_miner":1,"krampus:krampus":4},"minecraft:crafted":{"minecraft:oak_planks":40,"minecraft:cobblestone_slab":570,"minecraft:stone_shovel":14,"minecraft:fishing_rod":1,"minecraft:dark_oak_boat":19,"minecraft:furnace":3,"minecraft:flint_and_steel":1,"minecraft:dark_oak_door":6,"minecraft:bow":2,"minecraft:ladder":21,"minecraft:stone_pickaxe":19,"minecraft:cobblestone_wall":36,"minecraft:chest":8,"minecraft:dark_oak_planks":2096,"minecraft:stone_hoe":2,"decayingmobsbackport:eye_of_the_limb_snatcher":1,"create:andesite_alloy":2,"minecraft:dark_oak_stairs":20,"minecraft:crafting_table":5,"minecraft:wooden_pickaxe":2,"minecraft:pumpkin_seeds":4,"minecraft:campfire":1,"minecraft:stone_axe":20,"minecraft:diorite":2,"minecraft:air":0,"minecraft:dark_oak_slab":2298,"minecraft:charcoal":91,"minecraft:stick":176,"minecraft:iron_ingot":1,"minecraft:stone_sword":19,"minecraft:snow_block":6,"minecraft:white_bed":1,"minecraft:andesite":4,"minecraft:torch":60},"minecraft:killed":{"facelesssteve:facelesscreeper":4,"minecraft:witch":1,"rottencreatures:burned":1,"minecraft:spider":19,"thebeastinthedark:the_beast_flees":2,"decayingmobsbackport:eye":5,"decayingmobsbackport:limb_snatcher":1,"minecraft:skeleton":18,"decayingmobsbackport:hunted_zombie":4,"facelesssteve:facelesszombie":31,"screaming_villager:screaming_sheep":4,"rottencreatures:undead_miner":1,"minecraft:piglin":1,"rottencreatures:frostbitten":22,"decayingmobsbackport:half_pig":2,"minecraft:creeper":14,"rottencreatures:glacial_hunter":3,"kevin_trophy:crawler_zombie":2,"minecraft:zombie":29,"minecraft:enderman":2},"minecraft:used":{"minecraft:beetroot":4,"minecraft:stone_sword":797,"minecraft:flint_and_steel":40,"minecraft:stone_shovel":830,"minecraft:ladder":22,"minecraft:chest":11,"decayingmobsbackport:eyeball":3,"minecraft:stone_hoe":7,"minecraft:rotten_flesh":22,"minecraft:torch":40,"minecraft:dirt":39,"minecraft:cobblestone_wall":24,"minecraft:carrot":3,"minecraft:snowball":537,"minecraft:obsidian":10,"minecraft:dark_oak_planks":239,"minecraft:lava_bucket":16,"minecraft:oak_stairs":5,"minecraft:rooted_dirt":1,"minecraft:dark_oak_slab":2214,"minecraft:bamboo":1,"minecraft:bow":24,"minecraft:dark_oak_boat":28,"minecraft:oak_sapling":7,"minecraft:furnace":5,"minecraft:beetroot_seeds":11,"rottencreatures:frozen_rotten_flesh":2,"minecraft:pumpkin":6,"minecraft:dark_oak_sapling":81,"minecraft:wheat_seeds":14,"minecraft:dark_oak_stairs":22,"minecraft:water_bucket":36,"minecraft:diorite":3,"minecraft:snow_block":2,"minecraft:stone_pickaxe":1164,"minecraft:cactus":1,"minecraft:wooden_pickaxe":29,"minecraft:cobblestone_slab":450,"minecraft:white_wool":2,"minecraft:sand":2,"minecraft:crafting_table":6,"minecraft:white_bed":1,"minecraft:campfire":1,"decayingmobsbackport:eye_of_the_limb_snatcher":2,"minecraft:pumpkin_seeds":4,"minecraft:dark_oak_door":22,"minecraft:wooden_hoe":5,"minecraft:melon_slice":4,"minecraft:iron_pickaxe":47,"minecraft:stone_axe":776,"minecraft:fishing_rod":2,"minecraft:cobblestone":188,"minecraft:bucket":39,"minecraft:ice":2,"minecraft:splash_potion":50},"minecraft:dropped":{"minecraft:water_bucket":1,"minecraft:stone_hoe":2,"minecraft:moss_block":1,"minecraft:dark_oak_slab":806,"minecraft:cobblestone":132,"minecraft:apple":1,"minecraft:dirt":6,"minecraft:diorite":1,"minecraft:torch":62,"minecraft:oak_stairs":1,"minecraft:dark_oak_planks":207,"minecraft:bucket":2,"minecraft:dark_oak_door":3,"minecraft:stone_axe":18,"minecraft:stone_sword":3,"minecraft:cobblestone_wall":27,"minecraft:wheat":1,"minecraft:stone_shovel":2,"minecraft:beetroot":1,"minecraft:rotten_flesh":1,"minecraft:filled_map":1,"minecraft:cobblestone_slab":244,"minecraft:gunpowder":1,"minecraft:oak_sapling":1,"rottencreatures:frozen_rotten_flesh":1,"minecraft:wooden_pickaxe":2,"minecraft:stone_pickaxe":8},"minecraft:mined":{"minecraft:dark_oak_planks":37,"minecraft:oak_sapling":1,"minecraft:farmland":1,"minecraft:dark_oak_leaves":19,"minecraft:dark_oak_log":512,"minecraft:ladder":1,"minecraft:grass_block":30,"minecraft:oxeye_daisy":1,"minecraft:rooted_dirt":2,"minecraft:glowstone":17,"minecraft:furnace":2,"minecraft:carrots":3,"minecraft:fire":14,"minecraft:snow":824,"minecraft:pumpkin":8,"minecraft:dark_oak_stairs":5,"minecraft:cobblestone_slab":40,"minecraft:oak_stairs":5,"minecraft:pink_tulip":1,"minecraft:bamboo":1,"minecraft:blue_orchid":1,"minecraft:dandelion":1,"minecraft:crafting_table":2,"minecraft:torch":17,"minecraft:poppy":1,"minecraft:melon":3,"minecraft:chest":3,"minecraft:tall_grass":6,"minecraft:cobblestone":1169,"minecraft:diorite":1,"minecraft:wall_torch":1,"minecraft:cactus":2,"minecraft:dark_oak_slab":136,"minecraft:cobblestone_wall":2,"minecraft:dark_oak_door":4,"minecraft:wheat":8,"minecraft:ice":15,"minecraft:grass":4,"minecraft:oak_log":39,"minecraft:beetroots":5,"minecraft:sand":13,"minecraft:dirt":44,"minecraft:oak_leaves":53,"minecraft:fern":3},"minecraft:custom":{"minecraft:mob_kills":154,"minecraft:interact_with_crafting_table":148,"minecraft:interact_with_campfire":5,"minecraft:leave_game":13,"minecraft:time_since_death":841,"minecraft:climb_one_cm":33428,"minecraft:sprint_one_cm":799501,"minecraft:walk_one_cm":2503280,"minecraft:drop":114,"minecraft:play_time":575186,"minecraft:sneak_time":102839,"minecraft:deaths":116,"minecraft:walk_under_water_one_cm":10878,"minecraft:boat_one_cm":40752,"minecraft:jump":3409,"minecraft:walk_on_water_one_cm":18052,"minecraft:total_world_time":575186,"minecraft:interact_with_furnace":30,"minecraft:time_since_rest":867,"minecraft:damage_taken":35491,"minecraft:damage_dealt":40718,"minecraft:player_kills":4,"minecraft:fly_one_cm":242433,"minecraft:open_chest":905,"minecraft:crouch_one_cm":350118,"minecraft:fall_one_cm":105642}},"DataVersion":3120}