{"stats":{"minecraft:broken":{"minecraft:stone_pickaxe":2,"minecraft:stone_shovel":6},"minecraft:killed_by":{"decayingmobsbackport:weeping_chaser":4,"minecraft:player":1,"rottencreatures:glacial_hunter":1,"jacky:jacky":6,"facelesssteve:facelesszombie":5,"vivilly_dweller:vivilly_dweller":5,"sanitydim:sneaking_terror":1,"skinwalker_overhaul:skinwalker_overhaul":6,"mutantmonsters:mutant_skeleton":3,"minecraft:skeleton":2,"minecraft:zombie":2,"torture:torture":3,"assimilator:assimilator":2,"kim_dweller:kim_dweller":5,"rottencreatures:frostbitten":1,"krampus:krampus":2},"minecraft:custom":{"minecraft:mob_kills":71,"minecraft:interact_with_crafting_table":104,"minecraft:interact_with_campfire":5,"minecraft:leave_game":12,"minecraft:time_since_death":11894,"minecraft:sprint_one_cm":304441,"minecraft:walk_one_cm":1366547,"minecraft:drop":62,"minecraft:play_time":300058,"minecraft:deaths":51,"minecraft:sneak_time":55177,"minecraft:walk_under_water_one_cm":3762,"minecraft:boat_one_cm":19474,"minecraft:jump":1807,"minecraft:walk_on_water_one_cm":9072,"minecraft:total_world_time":300058,"minecraft:interact_with_furnace":22,"minecraft:time_since_rest":11931,"minecraft:damage_taken":14795,"minecraft:damage_dealt":20841,"minecraft:fly_one_cm":79563,"minecraft:player_kills":2,"minecraft:open_chest":453,"minecraft:crouch_one_cm":164831,"minecraft:fall_one_cm":37404},"minecraft:used":{"minecraft:beetroot":4,"minecraft:stone_sword":393,"minecraft:stone_shovel":697,"minecraft:chest":6,"decayingmobsbackport:eyeball":3,"minecraft:stone_hoe":7,"minecraft:rotten_flesh":11,"minecraft:torch":23,"minecraft:dirt":39,"minecraft:cobblestone_wall":24,"minecraft:carrot":3,"minecraft:snowball":374,"minecraft:dark_oak_planks":34,"minecraft:lava_bucket":6,"minecraft:oak_stairs":3,"minecraft:dark_oak_slab":420,"minecraft:dark_oak_boat":23,"minecraft:oak_sapling":7,"minecraft:furnace":5,"minecraft:beetroot_seeds":11,"rottencreatures:frozen_rotten_flesh":2,"minecraft:pumpkin":6,"minecraft:dark_oak_sapling":49,"minecraft:wheat_seeds":5,"minecraft:water_bucket":8,"minecraft:snow_block":2,"minecraft:stone_pickaxe":734,"minecraft:cactus":1,"minecraft:wooden_pickaxe":26,"minecraft:cobblestone_slab":195,"minecraft:white_wool":1,"minecraft:sand":1,"minecraft:crafting_table":4,"minecraft:white_bed":1,"minecraft:campfire":1,"minecraft:pumpkin_seeds":4,"minecraft:dark_oak_door":11,"minecraft:stone_axe":350,"minecraft:cobblestone":72,"minecraft:bucket":11,"minecraft:ice":2},"minecraft:picked_up":{"minecraft:fishing_rod":2,"rottencreatures:frozen_rotten_flesh":19,"minecraft:crafting_table":1,"minecraft:wheat":2,"minecraft:wooden_pickaxe":1,"minecraft:oak_stairs":3,"minecraft:string":19,"minecraft:moss_carpet":1,"minecraft:blue_orchid":1,"minecraft:beetroot":4,"decayingmobsbackport:eyeball":6,"minecraft:cobblestone_slab":61,"minecraft:poppy":1,"minecraft:melon_slice":7,"minecraft:chest":2,"minecraft:furnace":2,"minecraft:dark_oak_door":9,"minecraft:dark_oak_sapling":46,"minecraft:stick":44,"minecraft:torch":3,"minecraft:carrot":7,"minecraft:dark_oak_planks":106,"minecraft:rotten_flesh":47,"minecraft:arrow":16,"minecraft:stone_sword":17,"minecraft:cactus":3,"minecraft:stone_shovel":5,"minecraft:beetroot_seeds":11,"minecraft:pink_tulip":1,"minecraft:cod":1,"minecraft:snowball":940,"minecraft:white_wool":3,"minecraft:cobblestone":658,"minecraft:oxeye_daisy":1,"minecraft:leather":2,"minecraft:dark_oak_boat":13,"minecraft:oak_log":39,"minecraft:cobblestone_wall":17,"minecraft:dirt":90,"minecraft:bone":1,"minecraft:apple":7,"minecraft:wheat_seeds":5,"minecraft:stone_pickaxe":7,"minecraft:moss_block":2,"minecraft:dark_oak_slab":278,"minecraft:pumpkin":8,"minecraft:quartz":1,"minecraft:dandelion":1,"minecraft:sand":13,"minecraft:dark_oak_log":279,"minecraft:spider_eye":3,"minecraft:stone_axe":19,"minecraft:rooted_dirt":1,"minecraft:oak_sapling":34},"minecraft:mined":{"minecraft:dark_oak_planks":3,"minecraft:oak_sapling":1,"minecraft:dark_oak_leaves":16,"minecraft:dark_oak_log":258,"minecraft:grass_block":30,"minecraft:oxeye_daisy":1,"minecraft:rooted_dirt":1,"minecraft:furnace":2,"minecraft:carrots":1,"minecraft:fire":4,"minecraft:snow":691,"minecraft:pumpkin":8,"minecraft:cobblestone_slab":10,"minecraft:oak_stairs":5,"minecraft:pink_tulip":1,"minecraft:blue_orchid":1,"minecraft:dandelion":1,"minecraft:crafting_table":1,"minecraft:torch":2,"minecraft:poppy":1,"minecraft:melon":2,"minecraft:chest":2,"minecraft:tall_grass":6,"minecraft:cobblestone":735,"minecraft:cactus":2,"minecraft:dark_oak_slab":8,"minecraft:dark_oak_door":2,"minecraft:wheat":2,"minecraft:ice":4,"minecraft:grass":4,"minecraft:oak_log":39,"minecraft:beetroots":4,"minecraft:sand":13,"minecraft:dirt":43,"minecraft:oak_leaves":53,"minecraft:fern":3},"minecraft:dropped":{"minecraft:stone_hoe":1,"minecraft:moss_block":1,"minecraft:dark_oak_slab":104,"minecraft:cobblestone":61,"minecraft:apple":1,"minecraft:torch":8,"minecraft:dark_oak_planks":1,"minecraft:bucket":1,"minecraft:dark_oak_door":2,"minecraft:stone_axe":13,"minecraft:stone_sword":1,"minecraft:cobblestone_wall":18,"minecraft:wheat":1,"minecraft:stone_shovel":2,"minecraft:beetroot":1,"minecraft:rotten_flesh":1,"minecraft:filled_map":1,"minecraft:cobblestone_slab":201,"minecraft:oak_sapling":1,"rottencreatures:frozen_rotten_flesh":1,"minecraft:wooden_pickaxe":2,"minecraft:stone_pickaxe":3},"minecraft:killed":{"facelesssteve:facelesscreeper":1,"minecraft:witch":1,"minecraft:spider":14,"thebeastinthedark:the_beast_flees":2,"decayingmobsbackport:eye":5,"decayingmobsbackport:hunted_zombie":4,"facelesssteve:facelesszombie":13,"screaming_villager:screaming_sheep":3,"rottencreatures:frostbitten":14,"decayingmobsbackport:half_pig":2,"minecraft:creeper":1,"rottencreatures:glacial_hunter":3,"kevin_trophy:crawler_zombie":1,"minecraft:zombie":9,"minecraft:enderman":1},"minecraft:crafted":{"minecraft:oak_planks":40,"minecraft:cobblestone_slab":366,"minecraft:stone_shovel":7,"minecraft:fishing_rod":1,"minecraft:dark_oak_boat":19,"minecraft:furnace":3,"minecraft:dark_oak_door":6,"minecraft:stone_pickaxe":10,"minecraft:cobblestone_wall":36,"minecraft:chest":4,"minecraft:dark_oak_planks":556,"minecraft:stone_hoe":1,"minecraft:crafting_table":3,"minecraft:wooden_pickaxe":2,"minecraft:pumpkin_seeds":4,"minecraft:campfire":1,"minecraft:stone_axe":12,"minecraft:air":0,"minecraft:dark_oak_slab":540,"minecraft:charcoal":91,"minecraft:stick":48,"minecraft:stone_sword":9,"minecraft:snow_block":6,"minecraft:white_bed":1,"minecraft:torch":28}},"DataVersion":3120}