{"stats":{"minecraft:killed_by":{"minecraft:zombie_villager":16,"minecraft:creeper":2,"sanitydim:rotting_stalker":1,"rottencreatures:burned":3,"mimicer:mimicer":1,"man:managgresive":1,"vivilly_dweller:vivilly_dweller":11,"sanitydim:sneaking_terror":7,"skinwalker_overhaul:skinwalker_overhaul":22,"minecraft:witch":12,"minecraft:zombie":4,"torture:torture":11,"thebeastinthedark:the_dark_beast":3,"kim_dweller:kim_dweller":12,"rottencreatures:undead_miner":1,"krampus:krampus":6,"minecraft:player":1,"rottencreatures:glacial_hunter":1,"minecraft:spider":1,"jacky:jacky":20,"facelesssteve:facelesszombie":14,"mutantmonsters:mutant_skeleton":3,"minecraft:skeleton":5,"assimilator:assimilator":11,"rottencreatures:frostbitten":1},"minecraft:custom":{"minecraft:interact_with_crafting_table":195,"minecraft:leave_game":18,"minecraft:time_since_death":5300,"minecraft:sprint_one_cm":1317151,"minecraft:drop":141,"minecraft:talked_to_villager":18,"minecraft:play_time":830153,"minecraft:deaths":189,"minecraft:jump":4983,"minecraft:walk_on_water_one_cm":28464,"minecraft:interact_with_furnace":40,"minecraft:traded_with_villager":21,"minecraft:sleep_in_bed":1,"minecraft:damage_dealt":67647,"minecraft:player_kills":4,"minecraft:crouch_one_cm":464484,"minecraft:mob_kills":801,"minecraft:interact_with_campfire":5,"minecraft:damage_dealt_resisted":142,"minecraft:climb_one_cm":81899,"minecraft:walk_one_cm":3329948,"minecraft:sneak_time":145256,"minecraft:walk_under_water_one_cm":12421,"minecraft:boat_one_cm":178699,"minecraft:total_world_time":830153,"minecraft:time_since_rest":5326,"minecraft:damage_taken":54752,"minecraft:fly_one_cm":677704,"minecraft:open_chest":1434,"minecraft:fall_one_cm":121103},"minecraft:dropped":{"minecraft:moss_block":1,"minecraft:dark_oak_slab":807,"minecraft:dirt":6,"minecraft:dark_oak_trapdoor":1,"minecraft:dark_oak_planks":207,"minecraft:gold_ingot":13,"minecraft:dark_oak_door":3,"minecraft:stone_axe":20,"minecraft:wheat":1,"minecraft:beetroot":1,"minecraft:rotten_flesh":1,"minecraft:gunpowder":1,"rottencreatures:frozen_rotten_flesh":1,"minecraft:quartz":2,"minecraft:water_bucket":1,"minecraft:stone_hoe":2,"minecraft:cobblestone":136,"minecraft:apple":1,"minecraft:diorite":1,"minecraft:torch":62,"minecraft:oak_stairs":1,"minecraft:bucket":2,"minecraft:stone_sword":4,"minecraft:cobblestone_wall":27,"minecraft:stone_shovel":2,"minecraft:filled_map":1,"minecraft:potato":72,"minecraft:cobblestone_slab":244,"minecraft:oak_sapling":1,"minecraft:stone_pickaxe":8,"minecraft:wooden_pickaxe":2},"minecraft:broken":{"minecraft:golden_leggings":1,"minecraft:stone_pickaxe":6,"minecraft:stone_axe":2,"minecraft:stone_shovel":6,"minecraft:stone_sword":3},"minecraft:picked_up":{"rottencreatures:frozen_rotten_flesh":31,"minecraft:wheat":96,"minecraft:oak_stairs":8,"minecraft:nether_brick":6,"minecraft:string":34,"minecraft:soul_soil":6,"minecraft:shroomlight":1,"minecraft:beetroot":7,"minecraft:gold_nugget":12,"minecraft:bucket":3,"minecraft:redstone_torch":5,"minecraft:cobblestone_slab":264,"minecraft:iron_pickaxe":1,"minecraft:melon_slice":12,"minecraft:furnace":2,"minecraft:dark_oak_door":31,"minecraft:golden_helmet":1,"minecraft:stick":219,"minecraft:composter":1,"minecraft:torch":67,"create:andesite_casing":1,"minecraft:diorite":1,"minecraft:golden_chestplate":3,"minecraft:stone_sword":53,"minecraft:cactus":3,"minecraft:rotten_flesh":372,"minecraft:cod":1,"minecraft:snowball":1250,"minecraft:cobblestone":1702,"minecraft:leather_chestplate":2,"minecraft:magma_block":6,"minecraft:water_bucket":2,"minecraft:dark_oak_boat":35,"minecraft:golden_leggings":9,"minecraft:potato":184,"minecraft:dirt":174,"minecraft:leather_boots":2,"minecraft:twisting_vines":6,"minecraft:bone":242,"minecraft:bow":19,"minecraft:wheat_seeds":318,"minecraft:fletching_table":1,"minecraft:bamboo":11,"minecraft:glowstone_dust":60,"minecraft:moss_block":2,"minecraft:warped_wart_block":1,"minecraft:poisonous_potato":3,"minecraft:sand":13,"minecraft:spectral_arrow":24,"minecraft:dark_oak_log":905,"minecraft:sugar":2,"minecraft:rooted_dirt":2,"minecraft:oak_sapling":34,"minecraft:netherrack":15,"minecraft:crimson_roots":2,"rottencreatures:magma_rotten_flesh":5,"minecraft:fishing_rod":3,"minecraft:crafting_table":4,"minecraft:nether_wart":6,"minecraft:chicken":1,"minecraft:ladder":8,"minecraft:leather_leggings":3,"minecraft:wooden_pickaxe":2,"minecraft:moss_carpet":1,"minecraft:blue_orchid":1,"minecraft:blackstone":22,"minecraft:poppy":1,"minecraft:chest":4,"minecraft:dark_oak_sapling":105,"minecraft:raw_iron":2,"minecraft:carrot":104,"minecraft:dark_oak_planks":600,"minecraft:arrow":347,"minecraft:stone_shovel":5,"minecraft:beetroot_seeds":19,"minecraft:pink_tulip":1,"minecraft:gold_ingot":1,"minecraft:white_wool":6,"minecraft:oxeye_daisy":1,"minecraft:leather":12,"minecraft:crimson_fungus":1,"minecraft:oak_log":39,"minecraft:golden_boots":2,"minecraft:cobblestone_wall":26,"minecraft:gunpowder":172,"minecraft:wooden_hoe":1,"minecraft:apple":10,"minecraft:iron_ingot":1,"minecraft:stone_pickaxe":24,"minecraft:glass_bottle":2,"minecraft:soul_sand":4,"minecraft:dark_oak_stairs":6,"minecraft:warped_fungus":1,"minecraft:dark_oak_slab":1869,"minecraft:pumpkin":8,"minecraft:quartz":5,"minecraft:dandelion":1,"minecraft:gravel":50,"minecraft:white_bed":1,"minecraft:crying_obsidian":10,"minecraft:spider_eye":6,"minecraft:leather_helmet":1,"minecraft:stone_axe":55,"minecraft:warped_roots":3,"minecraft:dark_oak_wood":1,"minecraft:ender_pearl":10},"minecraft:used":{"minecraft:beetroot":4,"minecraft:ladder":28,"minecraft:chest":18,"minecraft:nether_wart":4,"minecraft:rotten_flesh":25,"minecraft:soul_sand":4,"minecraft:carrot":21,"minecraft:snowball":537,"minecraft:obsidian":10,"minecraft:lava_bucket":16,"minecraft:dark_oak_wood":1,"minecraft:dark_oak_slab":2853,"minecraft:bow":26,"minecraft:dark_oak_boat":39,"minecraft:furnace":5,"minecraft:oak_sapling":7,"minecraft:beetroot_seeds":11,"minecraft:potato":72,"rottencreatures:frozen_rotten_flesh":2,"minecraft:dark_oak_sapling":97,"minecraft:chiseled_polished_blackstone":1,"minecraft:dark_oak_stairs":33,"minecraft:diorite":3,"minecraft:stone_pickaxe":1448,"minecraft:cactus":1,"minecraft:wooden_pickaxe":29,"minecraft:composter":2,"minecraft:white_wool":2,"minecraft:dark_oak_trapdoor":1,"minecraft:sand":2,"minecraft:pumpkin_seeds":4,"minecraft:redstone_torch":2,"minecraft:dark_oak_log":8,"minecraft:bread":1,"minecraft:melon_slice":4,"minecraft:ice":2,"minecraft:bone_meal":131,"minecraft:stone_sword":1499,"minecraft:flint_and_steel":40,"minecraft:stone_shovel":908,"minecraft:stone_hoe":18,"minecraft:torch":75,"minecraft:dirt":113,"minecraft:warped_wart_block":1,"minecraft:cobblestone_wall":43,"minecraft:shroomlight":1,"minecraft:dark_oak_planks":478,"minecraft:oak_stairs":9,"minecraft:rooted_dirt":1,"minecraft:bamboo":1,"minecraft:soul_soil":2,"minecraft:pumpkin":6,"minecraft:wheat_seeds":84,"minecraft:water_bucket":40,"minecraft:snow_block":2,"minecraft:fletching_table":1,"minecraft:cobblestone_slab":923,"minecraft:crafting_table":7,"minecraft:campfire":1,"minecraft:white_bed":5,"minecraft:dark_oak_door":24,"minecraft:wooden_hoe":5,"minecraft:iron_pickaxe":55,"minecraft:golden_leggings":5,"minecraft:stone_axe":953,"minecraft:fishing_rod":2,"minecraft:cobblestone":366,"minecraft:bucket":42,"minecraft:splash_potion":50},"minecraft:crafted":{"minecraft:oak_planks":40,"minecraft:cobblestone_slab":696,"minecraft:dark_oak_boat":19,"minecraft:dark_oak_wood":3,"minecraft:dark_oak_door":6,"minecraft:bow":2,"minecraft:chest":15,"minecraft:stone_hoe":2,"create:cogwheel":3,"minecraft:emerald":21,"minecraft:crafting_table":6,"minecraft:wooden_pickaxe":2,"minecraft:fletching_table":1,"minecraft:pumpkin_seeds":4,"minecraft:campfire":1,"minecraft:diorite":4,"minecraft:dark_oak_slab":2808,"minecraft:charcoal":155,"create:water_wheel":1,"minecraft:stick":836,"minecraft:iron_ingot":1,"minecraft:stone_sword":27,"minecraft:snow_block":6,"minecraft:gold_ingot":20,"create:large_cogwheel":3,"minecraft:composter":1,"minecraft:stone_shovel":15,"minecraft:fishing_rod":1,"minecraft:furnace":3,"minecraft:bone_meal":195,"minecraft:flint_and_steel":1,"minecraft:ladder":21,"minecraft:stone_pickaxe":23,"minecraft:cobblestone_wall":36,"minecraft:dark_oak_planks":3052,"create:andesite_alloy":4,"minecraft:dark_oak_stairs":28,"create:large_water_wheel":1,"minecraft:stone_axe":23,"minecraft:bread":31,"minecraft:air":0,"minecraft:golden_apple":1,"minecraft:gold_nugget":8,"minecraft:white_bed":4,"create:shaft":8,"minecraft:andesite":8,"minecraft:torch":68},"minecraft:killed":{"minecraft:zombified_piglin":4,"minecraft:witch":4,"rottencreatures:burned":3,"minecraft:spider":19,"thebeastinthedark:the_beast_flees":2,"minecraft:skeleton":211,"facelesssteve:facelesszombie":68,"screaming_villager:screaming_sheep":4,"minecraft:piglin":1,"minecraft:zombie_villager":3,"rottencreatures:frostbitten":23,"minecraft:creeper":170,"minecraft:zombie":235,"facelesssteve:facelesscreeper":40,"the_player:fake_fake_player":2,"rottencreatures:undead_miner":1,"rottencreatures:glacial_hunter":3,"kevin_trophy:crawler_zombie":5,"minecraft:enderman":2},"minecraft:mined":{"minecraft:dark_oak_planks":41,"minecraft:white_bed":1,"minecraft:oak_sapling":1,"minecraft:farmland":75,"create:andesite_casing":1,"minecraft:grass_block":30,"minecraft:soul_soil":6,"minecraft:composter":1,"minecraft:crimson_fungus":1,"minecraft:nether_wart":2,"minecraft:oxeye_daisy":1,"minecraft:glowstone":17,"minecraft:fire":14,"minecraft:pumpkin":8,"minecraft:dark_oak_stairs":6,"minecraft:oak_stairs":8,"minecraft:pink_tulip":1,"minecraft:blue_orchid":1,"minecraft:twisting_vines_plant":2,"minecraft:torch":21,"minecraft:dark_oak_wood":1,"minecraft:poppy":1,"minecraft:melon":3,"minecraft:chest":3,"minecraft:cobblestone":1435,"minecraft:wall_torch":5,"minecraft:dark_oak_slab":166,"minecraft:dark_oak_door":4,"minecraft:wheat":78,"minecraft:warped_fungus":1,"minecraft:grass":4,"minecraft:oak_log":39,"minecraft:beetroots":7,"minecraft:sand":13,"minecraft:dirt":45,"minecraft:netherrack":17,"minecraft:oak_leaves":53,"minecraft:nether_gold_ore":2,"minecraft:dark_oak_leaves":23,"minecraft:dark_oak_log":670,"minecraft:ladder":7,"minecraft:crimson_roots":2,"minecraft:rooted_dirt":2,"minecraft:furnace":2,"minecraft:carrots":22,"minecraft:nether_sprouts":1,"minecraft:snow":824,"minecraft:potatoes":56,"minecraft:shroomlight":1,"minecraft:cobblestone_slab":45,"minecraft:bamboo":1,"minecraft:white_wool":1,"minecraft:redstone_wall_torch":1,"minecraft:soul_sand":4,"minecraft:dandelion":1,"minecraft:crafting_table":2,"minecraft:warped_roots":3,"minecraft:tall_grass":6,"minecraft:diorite":1,"minecraft:warped_wart_block":1,"minecraft:cactus":2,"minecraft:cobblestone_wall":2,"minecraft:redstone_torch":4,"minecraft:ice":16,"minecraft:fern":3}},"DataVersion":3120}