{"stats":{"minecraft:killed":{"skinwalker_overhaul:skinwalker_overhaul":1,"minecraft:sheep":2,"kevin_trophy:zombie_brute":1},"minecraft:custom":{"minecraft:interact_with_furnace":13,"minecraft:mob_kills":3,"minecraft:interact_with_crafting_table":20,"minecraft:leave_game":2,"minecraft:time_since_death":2361,"minecraft:time_since_rest":2401,"minecraft:sprint_one_cm":111729,"minecraft:damage_taken":9779,"minecraft:walk_one_cm":413244,"minecraft:drop":7,"minecraft:damage_dealt":3903,"minecraft:swim_one_cm":1708,"minecraft:fly_one_cm":120910,"minecraft:open_chest":48,"minecraft:crouch_one_cm":5188,"minecraft:play_time":82159,"minecraft:deaths":38,"minecraft:sneak_time":2121,"minecraft:walk_under_water_one_cm":6086,"minecraft:jump":1048,"minecraft:walk_on_water_one_cm":19231,"minecraft:total_world_time":82159,"minecraft:interact_with_smoker":7,"minecraft:fall_one_cm":25650},"minecraft:crafted":{"minecraft:oak_door":3,"minecraft:oak_planks":76,"minecraft:cobblestone_slab":12,"minecraft:stone_shovel":2,"minecraft:crafting_table":2,"minecraft:furnace":1,"minecraft:bucket":1,"minecraft:oak_wood":6,"minecraft:birch_planks":8,"minecraft:stone_axe":2,"minecraft:cooked_mutton":3,"minecraft:painting":1,"minecraft:air":0,"create:crafting_blueprint":1,"minecraft:stick":24,"minecraft:iron_ingot":7,"minecraft:stone_pickaxe":2,"minecraft:stone_sword":1,"minecraft:chest":2,"marbledsarsenal:baseball_bat":2,"minecraft:white_bed":1,"minecraft:torch":28},"minecraft:used":{"marbledsarsenal:baseball_bat":123,"minecraft:cooked_mutton":2,"minecraft:water_bucket":12,"minecraft:stone_sword":96,"minecraft:birch_planks":2,"minecraft:stone_shovel":43,"minecraft:stone_pickaxe":128,"minecraft:chest":3,"minecraft:cobblestone_slab":6,"minecraft:player_head":3,"minecraft:oak_door":1,"minecraft:torch":7,"minecraft:dirt":53,"minecraft:crafting_table":2,"minecraft:white_bed":1,"minecraft:oak_wood":4,"minecraft:granite":4,"minecraft:smoker":1,"minecraft:oak_log":5,"create:crafting_blueprint":1,"minecraft:stone_axe":28,"minecraft:cobblestone":14,"minecraft:written_book":1,"minecraft:furnace":1,"minecraft:bucket":13,"minecraft:egg":2,"minecraft:dandelion":3},"minecraft:mined":{"minecraft:mossy_cobblestone":3,"minecraft:player_wall_head":1,"minecraft:smoker":1,"minecraft:dandelion":8,"minecraft:crafting_table":1,"minecraft:grass_block":40,"minecraft:chest":2,"minecraft:redstone_wire":4,"minecraft:cobblestone":1,"minecraft:wall_torch":2,"minecraft:birch_log":2,"minecraft:iron_ore":1,"minecraft:fire":2,"minecraft:andesite":12,"minecraft:birch_leaves":7,"minecraft:stripped_oak_wood":4,"minecraft:grass":11,"minecraft:pointed_dripstone":3,"minecraft:oak_log":21,"minecraft:coal_ore":16,"minecraft:dirt":29,"minecraft:stripped_oak_log":4,"minecraft:cobweb":25,"minecraft:stone":90,"minecraft:player_head":2,"minecraft:oak_leaves":6},"minecraft:killed_by":{"decayingmobsbackport:weeping_chaser":3,"vivilly_dweller:vivilly_dweller":1,"man:managgresive":2,"sanitydim:sneaking_terror":1,"kevin_trophy:zombie_brute":23,"mutantmonsters:mutant_skeleton":1,"minecraft:zombie":1,"jacky:jacky":2,"assimilator:assimilator":2,"mimicer:mimicer":1},"minecraft:picked_up":{"minecraft:stripped_oak_log":8,"minecraft:birch_log":2,"minecraft:crafting_table":1,"minecraft:water_bucket":3,"minecraft:andesite":15,"minecraft:smoker":1,"minecraft:oak_log":30,"minecraft:tuff":1,"marbledsarsenal:baseball_bat":21,"minecraft:dirt":128,"minecraft:string":23,"minecraft:cooked_salmon":43,"minecraft:netherite_scrap":2,"minecraft:cooked_mutton":1,"minecraft:wheat_seeds":3,"minecraft:bucket":1,"minecraft:stone_pickaxe":20,"minecraft:stripped_oak_wood":4,"minecraft:player_head":4,"minecraft:chest":1,"minecraft:oak_planks":72,"minecraft:egg":2,"minecraft:stick":20,"minecraft:raw_iron":7,"minecraft:torch":16,"minecraft:dandelion":9,"minecraft:pointed_dripstone":6,"minecraft:redstone":4,"minecraft:stone_sword":5,"minecraft:stone_shovel":3,"minecraft:stone_axe":14,"minecraft:granite":4,"minecraft:bone_meal":14,"minecraft:mutton":3,"minecraft:coal":18,"minecraft:white_wool":4,"minecraft:cobblestone":356},"minecraft:broken":{"minecraft:stone_axe":1},"minecraft:dropped":{"minecraft:water_bucket":1,"minecraft:wheat_seeds":1,"minecraft:cobblestone":11,"minecraft:oak_planks":24,"minecraft:stick":2,"minecraft:stone_pickaxe":1,"marbledsarsenal:baseball_bat":1}},"DataVersion":3120}