{"stats":{"minecraft:broken":{"minecraft:stone_sword":2,"minecraft:stone_pickaxe":5,"minecraft:stone_axe":1,"minecraft:stone_shovel":6},"minecraft:killed_by":{"decayingmobsbackport:weeping_chaser":4,"minecraft:player":1,"minecraft:creeper":1,"minecraft:spider":1,"rottencreatures:glacial_hunter":1,"jacky:jacky":10,"sanitydim:rotting_stalker":1,"facelesssteve:facelesszombie":11,"mimicer:mimicer":1,"vivilly_dweller:vivilly_dweller":8,"sanitydim:sneaking_terror":2,"skinwalker_overhaul:skinwalker_overhaul":14,"mutantmonsters:mutant_skeleton":3,"minecraft:skeleton":4,"minecraft:zombie":3,"torture:torture":8,"assimilator:assimilator":4,"kim_dweller:kim_dweller":9,"rottencreatures:frostbitten":1,"rottencreatures:undead_miner":1,"krampus:krampus":4},"minecraft:custom":{"minecraft:mob_kills":133,"minecraft:interact_with_crafting_table":141,"minecraft:interact_with_campfire":5,"minecraft:leave_game":13,"minecraft:time_since_death":10042,"minecraft:climb_one_cm":21720,"minecraft:sprint_one_cm":688316,"minecraft:walk_one_cm":2300982,"minecraft:drop":109,"minecraft:play_time":521784,"minecraft:sneak_time":92788,"minecraft:deaths":101,"minecraft:walk_under_water_one_cm":10729,"minecraft:boat_one_cm":19474,"minecraft:jump":3132,"minecraft:walk_on_water_one_cm":15945,"minecraft:total_world_time":521784,"minecraft:interact_with_furnace":28,"minecraft:time_since_rest":10068,"minecraft:damage_taken":31266,"minecraft:damage_dealt":39473,"minecraft:player_kills":4,"minecraft:fly_one_cm":191256,"minecraft:open_chest":821,"minecraft:crouch_one_cm":311607,"minecraft:fall_one_cm":98823},"minecraft:used":{"minecraft:beetroot":4,"minecraft:stone_sword":769,"minecraft:flint_and_steel":40,"minecraft:stone_shovel":830,"minecraft:ladder":21,"minecraft:chest":11,"decayingmobsbackport:eyeball":3,"minecraft:stone_hoe":7,"minecraft:rotten_flesh":22,"minecraft:torch":33,"minecraft:dirt":39,"minecraft:cobblestone_wall":24,"minecraft:carrot":3,"minecraft:snowball":537,"minecraft:obsidian":10,"minecraft:dark_oak_planks":87,"minecraft:lava_bucket":11,"minecraft:oak_stairs":3,"minecraft:rooted_dirt":1,"minecraft:dark_oak_slab":1654,"minecraft:bamboo":1,"minecraft:bow":1,"minecraft:dark_oak_boat":24,"minecraft:oak_sapling":7,"minecraft:furnace":5,"minecraft:beetroot_seeds":11,"rottencreatures:frozen_rotten_flesh":2,"minecraft:pumpkin":6,"minecraft:dark_oak_sapling":66,"minecraft:wheat_seeds":14,"minecraft:dark_oak_stairs":22,"minecraft:water_bucket":22,"minecraft:diorite":3,"minecraft:snow_block":2,"minecraft:stone_pickaxe":1160,"minecraft:cactus":1,"minecraft:wooden_pickaxe":29,"minecraft:cobblestone_slab":450,"minecraft:white_wool":1,"minecraft:sand":2,"minecraft:crafting_table":5,"minecraft:white_bed":1,"minecraft:campfire":1,"decayingmobsbackport:eye_of_the_limb_snatcher":2,"minecraft:pumpkin_seeds":4,"minecraft:dark_oak_door":22,"minecraft:wooden_hoe":5,"minecraft:melon_slice":4,"minecraft:iron_pickaxe":47,"minecraft:stone_axe":682,"minecraft:cobblestone":188,"minecraft:bucket":28,"minecraft:ice":2},"minecraft:picked_up":{"minecraft:fishing_rod":2,"rottencreatures:frozen_rotten_flesh":29,"minecraft:crafting_table":1,"minecraft:wheat":8,"minecraft:chicken":1,"minecraft:ladder":1,"minecraft:wooden_pickaxe":2,"minecraft:oak_stairs":4,"minecraft:string":29,"minecraft:moss_carpet":1,"minecraft:blue_orchid":1,"minecraft:beetroot":5,"minecraft:bucket":2,"decayingmobsbackport:eyeball":6,"minecraft:cobblestone_slab":224,"minecraft:poppy":1,"minecraft:iron_pickaxe":1,"minecraft:melon_slice":12,"minecraft:chest":4,"minecraft:furnace":2,"minecraft:dark_oak_door":30,"minecraft:dark_oak_sapling":60,"minecraft:stick":71,"minecraft:raw_iron":2,"minecraft:torch":51,"minecraft:diorite":1,"minecraft:carrot":9,"minecraft:dark_oak_planks":249,"minecraft:stone_sword":36,"minecraft:arrow":36,"minecraft:cactus":3,"minecraft:rotten_flesh":99,"minecraft:stone_shovel":5,"minecraft:beetroot_seeds":13,"minecraft:pink_tulip":1,"minecraft:cod":1,"minecraft:snowball":1193,"minecraft:white_wool":3,"minecraft:cobblestone":1397,"minecraft:oxeye_daisy":1,"minecraft:water_bucket":1,"minecraft:leather":2,"minecraft:dark_oak_boat":13,"minecraft:oak_log":39,"minecraft:cobblestone_wall":26,"minecraft:gunpowder":18,"minecraft:wooden_hoe":1,"minecraft:dirt":99,"minecraft:bone":12,"minecraft:apple":8,"minecraft:wheat_seeds":22,"minecraft:stone_pickaxe":22,"minecraft:bamboo":11,"minecraft:glowstone_dust":59,"minecraft:moss_block":2,"minecraft:dark_oak_stairs":5,"minecraft:dark_oak_slab":1613,"decayingmobsbackport:spirit_of_the_snatcher":1,"minecraft:pumpkin":8,"minecraft:quartz":2,"minecraft:dandelion":1,"minecraft:sand":13,"minecraft:dark_oak_log":521,"minecraft:spider_eye":6,"minecraft:stone_axe":35,"minecraft:rooted_dirt":2,"minecraft:oak_sapling":34},"minecraft:mined":{"minecraft:dark_oak_planks":27,"minecraft:oak_sapling":1,"minecraft:farmland":1,"minecraft:dark_oak_leaves":19,"minecraft:dark_oak_log":439,"minecraft:ladder":1,"minecraft:grass_block":30,"minecraft:oxeye_daisy":1,"minecraft:rooted_dirt":2,"minecraft:glowstone":17,"minecraft:furnace":2,"minecraft:carrots":3,"minecraft:fire":14,"minecraft:snow":824,"minecraft:pumpkin":8,"minecraft:dark_oak_stairs":5,"minecraft:cobblestone_slab":39,"minecraft:oak_stairs":5,"minecraft:pink_tulip":1,"minecraft:bamboo":1,"minecraft:blue_orchid":1,"minecraft:dandelion":1,"minecraft:crafting_table":1,"minecraft:torch":17,"minecraft:poppy":1,"minecraft:melon":3,"minecraft:chest":3,"minecraft:tall_grass":6,"minecraft:cobblestone":1168,"minecraft:diorite":1,"minecraft:cactus":2,"minecraft:dark_oak_slab":125,"minecraft:cobblestone_wall":2,"minecraft:dark_oak_door":4,"minecraft:wheat":8,"minecraft:ice":15,"minecraft:grass":4,"minecraft:oak_log":39,"minecraft:beetroots":5,"minecraft:sand":13,"minecraft:dirt":44,"minecraft:oak_leaves":53,"minecraft:fern":3},"minecraft:dropped":{"minecraft:stone_hoe":2,"minecraft:moss_block":1,"minecraft:dark_oak_slab":806,"minecraft:cobblestone":132,"minecraft:apple":1,"minecraft:dirt":6,"minecraft:diorite":1,"minecraft:torch":62,"minecraft:oak_stairs":1,"minecraft:dark_oak_planks":163,"minecraft:bucket":2,"minecraft:dark_oak_door":3,"minecraft:stone_axe":17,"minecraft:stone_sword":3,"minecraft:cobblestone_wall":27,"minecraft:wheat":1,"minecraft:stone_shovel":2,"minecraft:beetroot":1,"minecraft:rotten_flesh":1,"minecraft:filled_map":1,"minecraft:cobblestone_slab":216,"minecraft:oak_sapling":1,"rottencreatures:frozen_rotten_flesh":1,"minecraft:wooden_pickaxe":2,"minecraft:stone_pickaxe":8},"minecraft:killed":{"facelesssteve:facelesscreeper":4,"minecraft:witch":1,"minecraft:spider":19,"thebeastinthedark:the_beast_flees":2,"decayingmobsbackport:eye":5,"decayingmobsbackport:hunted_zombie":4,"minecraft:skeleton":8,"facelesssteve:facelesszombie":29,"screaming_villager:screaming_sheep":3,"rottencreatures:undead_miner":1,"minecraft:piglin":1,"rottencreatures:frostbitten":22,"decayingmobsbackport:half_pig":2,"minecraft:creeper":11,"rottencreatures:glacial_hunter":3,"kevin_trophy:crawler_zombie":2,"minecraft:zombie":22,"minecraft:enderman":2},"minecraft:crafted":{"minecraft:oak_planks":40,"minecraft:cobblestone_slab":570,"minecraft:stone_shovel":14,"minecraft:fishing_rod":1,"minecraft:dark_oak_boat":19,"minecraft:furnace":3,"minecraft:flint_and_steel":1,"minecraft:dark_oak_door":6,"minecraft:bow":2,"minecraft:ladder":21,"minecraft:stone_pickaxe":19,"minecraft:cobblestone_wall":36,"minecraft:chest":8,"minecraft:dark_oak_planks":1652,"minecraft:stone_hoe":2,"decayingmobsbackport:eye_of_the_limb_snatcher":1,"create:andesite_alloy":2,"minecraft:dark_oak_stairs":20,"minecraft:crafting_table":4,"minecraft:wooden_pickaxe":2,"minecraft:pumpkin_seeds":4,"minecraft:campfire":1,"minecraft:stone_axe":18,"minecraft:diorite":2,"minecraft:air":0,"minecraft:dark_oak_slab":1782,"minecraft:charcoal":91,"minecraft:stick":176,"minecraft:iron_ingot":1,"minecraft:stone_sword":19,"minecraft:snow_block":6,"minecraft:white_bed":1,"minecraft:andesite":4,"minecraft:torch":56}},"DataVersion":3120}