{"stats":{"minecraft:broken":{"minecraft:stone_pickaxe":2,"minecraft:stone_shovel":6},"minecraft:custom":{"minecraft:mob_kills":45,"minecraft:interact_with_crafting_table":82,"minecraft:interact_with_campfire":4,"minecraft:leave_game":12,"minecraft:time_since_death":1323,"minecraft:sprint_one_cm":206633,"minecraft:walk_one_cm":1068545,"minecraft:drop":45,"minecraft:play_time":252275,"minecraft:deaths":45,"minecraft:sneak_time":50690,"minecraft:walk_under_water_one_cm":3762,"minecraft:boat_one_cm":19474,"minecraft:jump":1497,"minecraft:walk_on_water_one_cm":8510,"minecraft:total_world_time":252275,"minecraft:interact_with_furnace":18,"minecraft:time_since_rest":1355,"minecraft:damage_taken":12960,"minecraft:damage_dealt":12574,"minecraft:fly_one_cm":61913,"minecraft:player_kills":2,"minecraft:open_chest":372,"minecraft:crouch_one_cm":149323,"minecraft:fall_one_cm":33635},"minecraft:picked_up":{"minecraft:fishing_rod":2,"rottencreatures:frozen_rotten_flesh":18,"minecraft:wooden_pickaxe":1,"minecraft:string":11,"minecraft:moss_carpet":1,"minecraft:blue_orchid":1,"minecraft:beetroot":4,"decayingmobsbackport:eyeball":3,"minecraft:cobblestone_slab":55,"minecraft:poppy":1,"minecraft:chest":2,"minecraft:melon_slice":3,"minecraft:dark_oak_door":4,"minecraft:dark_oak_sapling":46,"minecraft:stick":40,"minecraft:torch":1,"minecraft:carrot":1,"minecraft:dark_oak_planks":71,"minecraft:rotten_flesh":17,"minecraft:arrow":16,"minecraft:stone_sword":14,"minecraft:cactus":3,"minecraft:stone_shovel":5,"minecraft:beetroot_seeds":11,"minecraft:pink_tulip":1,"minecraft:oxeye_daisy":1,"minecraft:cod":1,"minecraft:snowball":925,"minecraft:white_wool":1,"minecraft:cobblestone":611,"minecraft:leather":2,"minecraft:dark_oak_boat":5,"minecraft:oak_log":39,"minecraft:dirt":86,"minecraft:bone":1,"minecraft:apple":7,"minecraft:wheat_seeds":1,"minecraft:stone_pickaxe":4,"minecraft:moss_block":2,"minecraft:dark_oak_slab":79,"minecraft:pumpkin":7,"minecraft:quartz":1,"minecraft:dandelion":1,"minecraft:sand":13,"minecraft:dark_oak_log":279,"minecraft:spider_eye":2,"minecraft:stone_axe":10,"minecraft:rooted_dirt":1,"minecraft:oak_sapling":34},"minecraft:dropped":{"minecraft:stone_hoe":1,"minecraft:moss_block":1,"minecraft:dark_oak_slab":24,"minecraft:cobblestone":59,"minecraft:apple":1,"minecraft:torch":8,"minecraft:bucket":1,"minecraft:stone_axe":11,"minecraft:stone_sword":1,"minecraft:stone_shovel":2,"minecraft:beetroot":1,"minecraft:rotten_flesh":1,"minecraft:filled_map":1,"minecraft:cobblestone_slab":200,"minecraft:oak_sapling":1,"rottencreatures:frozen_rotten_flesh":1,"minecraft:wooden_pickaxe":2},"minecraft:crafted":{"minecraft:oak_planks":40,"minecraft:cobblestone_slab":366,"minecraft:stone_shovel":7,"minecraft:fishing_rod":1,"minecraft:dark_oak_boat":19,"minecraft:furnace":3,"minecraft:dark_oak_door":3,"minecraft:stone_pickaxe":9,"minecraft:cobblestone_wall":12,"minecraft:chest":4,"minecraft:dark_oak_planks":428,"minecraft:stone_hoe":1,"minecraft:crafting_table":3,"minecraft:wooden_pickaxe":2,"minecraft:pumpkin_seeds":4,"minecraft:campfire":1,"minecraft:stone_axe":9,"minecraft:air":0,"minecraft:dark_oak_slab":162,"minecraft:charcoal":91,"minecraft:stick":44,"minecraft:stone_sword":7,"minecraft:snow_block":6,"minecraft:torch":24},"minecraft:mined":{"minecraft:oak_sapling":1,"minecraft:dark_oak_leaves":16,"minecraft:dark_oak_log":258,"minecraft:grass_block":30,"minecraft:oxeye_daisy":1,"minecraft:rooted_dirt":1,"minecraft:fire":4,"minecraft:snow":691,"minecraft:pumpkin":7,"minecraft:cobblestone_slab":9,"minecraft:pink_tulip":1,"minecraft:blue_orchid":1,"minecraft:dandelion":1,"minecraft:torch":1,"minecraft:poppy":1,"minecraft:melon":1,"minecraft:chest":2,"minecraft:tall_grass":6,"minecraft:cobblestone":687,"minecraft:cactus":2,"minecraft:dark_oak_slab":1,"minecraft:dark_oak_door":1,"minecraft:ice":4,"minecraft:grass":4,"minecraft:oak_log":39,"minecraft:beetroots":4,"minecraft:sand":13,"minecraft:dirt":39,"minecraft:oak_leaves":53,"minecraft:fern":3},"minecraft:killed_by":{"decayingmobsbackport:weeping_chaser":4,"minecraft:player":1,"rottencreatures:glacial_hunter":1,"jacky:jacky":5,"facelesssteve:facelesszombie":4,"vivilly_dweller:vivilly_dweller":3,"skinwalker_overhaul:skinwalker_overhaul":6,"mutantmonsters:mutant_skeleton":3,"minecraft:skeleton":2,"minecraft:zombie":2,"torture:torture":3,"assimilator:assimilator":2,"kim_dweller:kim_dweller":4,"rottencreatures:frostbitten":1,"krampus:krampus":2},"minecraft:killed":{"minecraft:spider":9,"thebeastinthedark:the_beast_flees":1,"decayingmobsbackport:eye":3,"decayingmobsbackport:hunted_zombie":4,"facelesssteve:facelesszombie":4,"screaming_villager:screaming_sheep":2,"rottencreatures:frostbitten":11,"decayingmobsbackport:half_pig":2,"rottencreatures:glacial_hunter":3,"kevin_trophy:crawler_zombie":1,"minecraft:zombie":4,"minecraft:enderman":1},"minecraft:used":{"minecraft:beetroot":4,"minecraft:stone_sword":231,"minecraft:stone_shovel":697,"minecraft:chest":6,"minecraft:stone_hoe":7,"decayingmobsbackport:eyeball":2,"minecraft:rotten_flesh":3,"minecraft:torch":22,"minecraft:dirt":37,"minecraft:cobblestone_wall":12,"minecraft:snowball":324,"minecraft:dark_oak_planks":32,"minecraft:lava_bucket":5,"minecraft:dark_oak_slab":92,"minecraft:dark_oak_boat":23,"minecraft:furnace":3,"minecraft:oak_sapling":7,"minecraft:beetroot_seeds":11,"rottencreatures:frozen_rotten_flesh":2,"minecraft:pumpkin":6,"minecraft:dark_oak_sapling":49,"minecraft:wheat_seeds":1,"minecraft:water_bucket":6,"minecraft:snow_block":2,"minecraft:stone_pickaxe":681,"minecraft:cactus":1,"minecraft:wooden_pickaxe":26,"minecraft:cobblestone_slab":194,"minecraft:sand":1,"minecraft:crafting_table":3,"minecraft:campfire":1,"minecraft:pumpkin_seeds":4,"minecraft:dark_oak_door":7,"minecraft:stone_axe":320,"minecraft:cobblestone":37,"minecraft:bucket":8,"minecraft:ice":2}},"DataVersion":3120}