{"stats":{"minecraft:picked_up":{"rottencreatures:frozen_rotten_flesh":33,"minecraft:wheat":96,"minecraft:chainmail_boots":1,"minecraft:anvil":1,"minecraft:oak_stairs":8,"minecraft:potion":2,"minecraft:nether_brick":27,"minecraft:stone_brick_stairs":1,"minecraft:brewing_stand":8,"minecraft:golden_sword":66,"minecraft:string":75,"minecraft:dark_oak_trapdoor":8,"minecraft:soul_soil":6,"minecraft:armor_stand":4,"minecraft:shroomlight":1,"minecraft:beetroot":7,"create:mechanical_press":3,"minecraft:gold_nugget":317,"minecraft:bucket":4,"minecraft:redstone_torch":37,"minecraft:cobblestone_slab":1413,"minecraft:iron_pickaxe":8,"minecraft:melon_slice":12,"minecraft:furnace":2,"minecraft:iron_boots":4,"minecraft:dark_oak_door":32,"minecraft:golden_helmet":5,"minecraft:stick":358,"minecraft:composter":2,"minecraft:torch":81,"create:andesite_casing":3,"minecraft:pointed_dripstone":1,"minecraft:diorite":1,"minecraft:golden_chestplate":8,"minecraft:cauldron":2,"create:large_cogwheel":23,"minecraft:stone_sword":77,"minecraft:cactus":3,"minecraft:rotten_flesh":1574,"minecraft:obsidian":3,"minecraft:cod":1,"minecraft:snowball":1288,"minecraft:cobblestone":2995,"minecraft:magma_block":104,"minecraft:leather_chestplate":7,"minecraft:feather":3,"minecraft:magma_cream":14,"minecraft:water_bucket":3,"minecraft:dark_oak_boat":44,"minecraft:golden_leggings":15,"minecraft:potato":326,"minecraft:dirt":176,"minecraft:twisting_vines":6,"minecraft:leather_boots":5,"minecraft:bone":657,"minecraft:bow":57,"minecraft:wheat_seeds":318,"create:mechanical_drill":7,"minecraft:dark_oak_sign":4,"create:shaft":1,"minecraft:fletching_table":2,"minecraft:glowstone_dust":60,"minecraft:bamboo":11,"minecraft:moss_block":2,"minecraft:stone_hoe":2,"create:cogwheel":26,"minecraft:warped_wart_block":1,"minecraft:poisonous_potato":3,"minecraft:sand":14,"minecraft:spectral_arrow":63,"minecraft:dark_oak_log":1095,"minecraft:sugar":2,"minecraft:crossbow":1,"minecraft:chainmail_helmet":1,"minecraft:bread":52,"minecraft:rooted_dirt":3,"minecraft:oak_sapling":34,"minecraft:netherrack":15,"minecraft:crimson_roots":2,"rottencreatures:magma_rotten_flesh":127,"minecraft:fishing_rod":3,"minecraft:crafting_table":4,"minecraft:ladder":19,"minecraft:chicken":3,"minecraft:nether_wart":21,"minecraft:leather_leggings":7,"minecraft:wooden_pickaxe":2,"minecraft:stone_brick_wall":5,"minecraft:moss_carpet":1,"minecraft:iron_axe":6,"minecraft:iron_shovel":2,"minecraft:blackstone":84,"minecraft:blue_orchid":1,"create:basin":5,"minecraft:iron_nugget":36,"minecraft:poppy":5,"minecraft:sugar_cane":13,"minecraft:chest":6,"minecraft:dark_oak_sapling":106,"minecraft:raw_iron":2,"minecraft:stone":52,"minecraft:copper_ingot":5,"minecraft:fire_charge":4,"minecraft:carrot":107,"minecraft:dark_oak_planks":755,"minecraft:arrow":783,"minecraft:stone_shovel":5,"minecraft:beetroot_seeds":19,"minecraft:pink_tulip":1,"minecraft:gold_ingot":19,"minecraft:white_wool":7,"minecraft:oxeye_daisy":1,"minecraft:leather":31,"minecraft:crimson_fungus":1,"minecraft:oak_log":39,"minecraft:chainmail_chestplate":1,"minecraft:golden_boots":5,"minecraft:cobblestone_wall":111,"minecraft:gunpowder":512,"minecraft:cobblestone_stairs":19,"minecraft:wooden_hoe":1,"minecraft:apple":10,"minecraft:iron_ingot":124,"minecraft:stone_pickaxe":33,"minecraft:glass_bottle":2,"minecraft:iron_sword":9,"minecraft:soul_sand":16,"minecraft:dark_oak_stairs":6,"minecraft:dark_oak_slab":2196,"minecraft:warped_fungus":1,"create:large_water_wheel":3,"minecraft:pumpkin":8,"minecraft:chiseled_stone_bricks":11,"minecraft:quartz":24,"minecraft:dandelion":1,"minecraft:gravel":93,"minecraft:white_bed":9,"minecraft:crying_obsidian":20,"minecraft:spider_eye":7,"minecraft:leather_helmet":3,"minecraft:stone_axe":57,"minecraft:warped_roots":3,"minecraft:dark_oak_wood":1,"minecraft:hopper":4,"minecraft:ender_pearl":18},"minecraft:mined":{"minecraft:dark_oak_planks":44,"minecraft:white_bed":8,"minecraft:oak_sapling":1,"minecraft:farmland":75,"create:andesite_casing":3,"minecraft:cobblestone_stairs":10,"minecraft:brewing_stand":8,"minecraft:grass_block":30,"minecraft:soul_soil":6,"minecraft:hopper":4,"minecraft:composter":2,"minecraft:crimson_fungus":1,"minecraft:oxeye_daisy":1,"minecraft:nether_wart":3,"minecraft:glowstone":17,"minecraft:dark_oak_trapdoor":9,"minecraft:fire":14,"minecraft:pumpkin":8,"minecraft:fletching_table":1,"minecraft:anvil":1,"minecraft:dark_oak_stairs":6,"minecraft:pointed_dripstone":1,"minecraft:oak_stairs":8,"minecraft:pink_tulip":1,"minecraft:blue_orchid":1,"create:mechanical_press":3,"create:cogwheel":22,"minecraft:twisting_vines_plant":2,"minecraft:torch":22,"minecraft:dark_oak_wood":1,"minecraft:poppy":1,"minecraft:melon":3,"minecraft:chest":5,"minecraft:cobblestone":1769,"minecraft:sugar_cane":8,"minecraft:wall_torch":6,"minecraft:cauldron":2,"create:large_water_wheel":2,"create:basin":5,"minecraft:dark_oak_slab":223,"minecraft:dark_oak_door":5,"minecraft:wheat":78,"minecraft:warped_fungus":1,"minecraft:grass":4,"minecraft:oak_log":39,"minecraft:beetroots":7,"minecraft:sand":14,"minecraft:dirt":47,"minecraft:netherrack":17,"minecraft:oak_leaves":53,"minecraft:nether_gold_ore":2,"minecraft:dark_oak_leaves":25,"minecraft:dark_oak_log":795,"minecraft:ladder":16,"create:large_cogwheel":19,"minecraft:crimson_roots":2,"minecraft:rooted_dirt":2,"minecraft:furnace":2,"minecraft:carrots":22,"minecraft:nether_sprouts":1,"minecraft:snow":824,"minecraft:potatoes":92,"minecraft:shroomlight":1,"minecraft:cobblestone_slab":368,"minecraft:bamboo":1,"minecraft:white_wool":1,"minecraft:redstone_wall_torch":27,"minecraft:soul_sand":8,"minecraft:dandelion":1,"minecraft:crafting_table":2,"minecraft:warped_roots":3,"minecraft:tall_grass":6,"minecraft:diorite":1,"minecraft:warped_wart_block":1,"create:water_wheel_structure":1,"minecraft:cactus":2,"minecraft:cobblestone_wall":24,"minecraft:redstone_torch":7,"minecraft:ice":23,"create:mechanical_drill":7,"minecraft:fern":3},"minecraft:killed":{"minecraft:witch":6,"minecraft:zombified_piglin":591,"rottencreatures:burned":115,"minecraft:spider":19,"thebeastinthedark:the_beast_flees":3,"minecraft:skeleton":558,"minecraft:chicken":2,"the_player:the_player":4,"minecraft:piglin":75,"minecraft:zombie_villager":12,"rottencreatures:frostbitten":24,"minecraft:creeper":471,"minecraft:zombie":630,"the_player:fake_fake_player":6,"minecraft:drowned":14,"rottencreatures:undead_miner":1,"rottencreatures:glacial_hunter":3,"kevin_trophy:crawler_zombie":16,"minecraft:wither_skeleton":1,"minecraft:enderman":2},"minecraft:used":{"minecraft:beetroot":4,"minecraft:ladder":52,"minecraft:chest":30,"minecraft:shield":10,"minecraft:nether_wart":5,"minecraft:iron_sword":580,"minecraft:zombie_spawn_egg":9,"minecraft:rotten_flesh":30,"minecraft:soul_sand":4,"create:cogwheel":41,"minecraft:carrot":21,"create:depot":1,"minecraft:snowball":537,"minecraft:obsidian":10,"minecraft:lava_bucket":24,"minecraft:villager_spawn_egg":5,"minecraft:dark_oak_wood":1,"minecraft:dark_oak_slab":3050,"minecraft:golden_sword":35,"minecraft:magma_block":2,"minecraft:bow":36,"minecraft:dark_oak_boat":47,"minecraft:oak_sapling":7,"minecraft:furnace":10,"create:mechanical_drill":8,"minecraft:beetroot_seeds":11,"rottencreatures:frozen_rotten_flesh":2,"minecraft:potato":114,"minecraft:dark_oak_sapling":109,"minecraft:leather_leggings":2,"minecraft:chiseled_polished_blackstone":1,"minecraft:dark_oak_stairs":34,"minecraft:diorite":3,"minecraft:stone_pickaxe":1887,"minecraft:dark_oak_sign":9,"minecraft:cactus":1,"minecraft:leather_chestplate":1,"minecraft:wooden_pickaxe":29,"minecraft:composter":6,"minecraft:sugar_cane":10,"minecraft:white_wool":2,"minecraft:dark_oak_trapdoor":14,"minecraft:sand":4,"minecraft:pumpkin_seeds":4,"minecraft:redstone_torch":3,"minecraft:dark_oak_log":11,"minecraft:melon_slice":10,"minecraft:bread":4,"minecraft:blackstone_slab":2,"minecraft:wooden_sword":59,"create:basin":5,"minecraft:ice":2,"minecraft:bone_meal":195,"create:large_cogwheel":31,"minecraft:stone_sword":3167,"minecraft:flint_and_steel":40,"minecraft:armor_stand":6,"minecraft:stone_shovel":908,"minecraft:stone_hoe":19,"minecraft:anvil":3,"minecraft:dirt":113,"minecraft:torch":82,"minecraft:brewing_stand":9,"minecraft:warped_wart_block":1,"minecraft:hopper":7,"minecraft:cobblestone_wall":121,"minecraft:shroomlight":1,"minecraft:dark_oak_planks":507,"minecraft:rooted_dirt":1,"minecraft:iron_axe":38,"minecraft:oak_stairs":9,"minecraft:iron_boots":2,"minecraft:bamboo":1,"minecraft:soul_soil":2,"minecraft:pumpkin":6,"minecraft:pointed_dripstone":2,"minecraft:wheat_seeds":84,"minecraft:water_bucket":75,"minecraft:cobblestone_stairs":12,"minecraft:snow_block":4,"minecraft:cauldron":3,"minecraft:fletching_table":2,"minecraft:cobblestone_slab":3328,"minecraft:leather_boots":1,"minecraft:crafting_table":11,"minecraft:white_bed":19,"minecraft:campfire":1,"minecraft:dark_oak_fence_gate":1,"minecraft:dark_oak_door":27,"minecraft:wooden_hoe":5,"create:mechanical_press":4,"minecraft:iron_pickaxe":390,"minecraft:leather_helmet":1,"create:large_water_wheel":4,"minecraft:golden_leggings":6,"minecraft:stone_axe":1109,"minecraft:fishing_rod":2,"minecraft:cobblestone":1216,"minecraft:bucket":85,"minecraft:splash_potion":50},"minecraft:custom":{"minecraft:interact_with_crafting_table":355,"minecraft:leave_game":33,"minecraft:time_since_death":0,"minecraft:sprint_one_cm":2937129,"minecraft:damage_blocked_by_shield":480,"minecraft:drop":275,"minecraft:talked_to_villager":43,"minecraft:play_time":1541065,"minecraft:deaths":327,"minecraft:jump":10082,"minecraft:walk_on_water_one_cm":85569,"minecraft:interact_with_furnace":83,"minecraft:traded_with_villager":116,"minecraft:sleep_in_bed":19,"minecraft:damage_dealt":146278,"minecraft:player_kills":4,"minecraft:crouch_one_cm":857081,"minecraft:use_cauldron":3,"minecraft:interact_with_anvil":1,"minecraft:mob_kills":2709,"minecraft:inspect_hopper":7,"minecraft:interact_with_campfire":5,"minecraft:damage_dealt_resisted":25886,"minecraft:climb_one_cm":176543,"minecraft:walk_one_cm":5205164,"minecraft:sneak_time":254869,"minecraft:walk_under_water_one_cm":27240,"minecraft:boat_one_cm":207557,"minecraft:total_world_time":1541065,"minecraft:time_since_rest":55,"minecraft:damage_taken":94176,"minecraft:swim_one_cm":999,"minecraft:fly_one_cm":1851040,"minecraft:open_chest":2733,"minecraft:fall_one_cm":223881},"minecraft:killed_by":{"minecraft:zombie_villager":16,"minecraft:zombified_piglin":15,"minecraft:creeper":2,"simon:simon_12":3,"sanitydim:rotting_stalker":1,"rottencreatures:burned":4,"mimicer:mimicer":2,"vivilly_dweller:vivilly_dweller":15,"man:managgresive":2,"sanitydim:sneaking_terror":11,"skinwalker_overhaul:skinwalker_overhaul":43,"minecraft:piglin":2,"minecraft:zombie":8,"minecraft:witch":12,"torture:torture":18,"thebeastinthedark:the_dark_beast":4,"kim_dweller:kim_dweller":16,"rottencreatures:undead_miner":1,"krampus:krampus":12,"minecraft:player":1,"rottencreatures:glacial_hunter":1,"minecraft:spider":1,"jacky:jacky":40,"minecraft:iron_golem":1,"rottencreatures:hunter_wolf":1,"mutantmonsters:mutant_skeleton":3,"minecraft:skeleton":5,"assimilator:assimilator":24,"rottencreatures:frostbitten":2},"minecraft:dropped":{"minecraft:moss_block":1,"minecraft:dark_oak_slab":809,"minecraft:crossbow":1,"minecraft:cobblestone_stairs":8,"minecraft:dirt":6,"minecraft:dark_oak_trapdoor":3,"minecraft:gold_nugget":1,"minecraft:dark_oak_planks":207,"minecraft:gold_ingot":68,"minecraft:dark_oak_door":3,"minecraft:stone_axe":20,"minecraft:wheat":1,"minecraft:beetroot":1,"minecraft:rotten_flesh":6,"minecraft:white_bed":1,"minecraft:chiseled_stone_bricks":11,"minecraft:poppy":4,"minecraft:gunpowder":1,"minecraft:stone_brick_wall":5,"rottencreatures:frozen_rotten_flesh":1,"minecraft:stone_brick_stairs":1,"minecraft:quartz":2,"minecraft:water_bucket":1,"minecraft:stone_hoe":2,"minecraft:iron_ingot":77,"create:polished_rose_quartz":1,"minecraft:cobblestone":205,"minecraft:apple":1,"minecraft:stick":1,"minecraft:diorite":1,"minecraft:torch":62,"minecraft:oak_stairs":1,"minecraft:iron_axe":1,"minecraft:bucket":2,"minecraft:anvil":1,"minecraft:zombie_spawn_egg":1,"minecraft:stone_sword":4,"minecraft:cobblestone_wall":54,"minecraft:composter":2,"minecraft:stone_shovel":2,"minecraft:villager_spawn_egg":1,"minecraft:name_tag":1,"minecraft:filled_map":1,"minecraft:potato":170,"minecraft:cobblestone_slab":255,"minecraft:stone":52,"minecraft:oak_sapling":1,"minecraft:redstone_torch":9,"minecraft:bow":1,"minecraft:wooden_pickaxe":2,"minecraft:stone_pickaxe":9},"minecraft:broken":{"minecraft:golden_leggings":1,"minecraft:stone_pickaxe":6,"minecraft:golden_sword":2,"minecraft:chainmail_chestplate":1,"minecraft:wooden_sword":1,"minecraft:stone_axe":2,"minecraft:stone_shovel":6,"minecraft:stone_sword":8,"minecraft:leather_boots":1,"minecraft:iron_pickaxe":1},"minecraft:crafted":{"minecraft:smooth_stone":3,"minecraft:oak_planks":40,"minecraft:cobblestone_slab":3186,"minecraft:dark_oak_boat":19,"minecraft:dark_oak_wood":3,"minecraft:stone":10,"minecraft:cobblestone_stairs":16,"minecraft:dark_oak_door":6,"minecraft:hopper":3,"minecraft:bow":13,"create:mechanical_press":1,"minecraft:chest":28,"minecraft:stone_hoe":2,"create:cogwheel":5,"create:depot":1,"minecraft:emerald":80,"create:rose_quartz":7,"minecraft:cauldron":1,"minecraft:crafting_table":10,"minecraft:wooden_pickaxe":2,"create:sand_paper":1,"minecraft:fletching_table":1,"minecraft:brewing_stand":1,"minecraft:pumpkin_seeds":4,"minecraft:campfire":1,"minecraft:diorite":18,"minecraft:dark_oak_slab":2940,"minecraft:paper":3,"minecraft:charcoal":219,"create:water_wheel":1,"minecraft:shield":1,"minecraft:stick":1934,"minecraft:iron_ingot":2,"minecraft:iron_pickaxe":2,"minecraft:iron_block":4,"minecraft:stone_sword":45,"minecraft:snow_block":10,"minecraft:gold_ingot":58,"create:large_cogwheel":5,"minecraft:composter":1,"minecraft:dark_oak_fence_gate":1,"create:empty_blaze_burner":1,"minecraft:wooden_sword":1,"minecraft:redstone":72,"minecraft:stone_shovel":15,"minecraft:smooth_stone_slab":6,"minecraft:fishing_rod":1,"minecraft:iron_nugget":37,"minecraft:furnace":8,"minecraft:dark_oak_trapdoor":4,"minecraft:dark_oak_sign":12,"minecraft:bone_meal":195,"minecraft:flint_and_steel":1,"minecraft:iron_axe":1,"minecraft:ladder":33,"minecraft:stone_pickaxe":26,"minecraft:cobblestone_wall":114,"create:basin":1,"create:electron_tube":7,"minecraft:dark_oak_planks":3824,"create:andesite_alloy":18,"minecraft:dark_oak_stairs":28,"minecraft:iron_sword":4,"create:large_water_wheel":1,"minecraft:bucket":2,"minecraft:stone_axe":23,"minecraft:air":0,"minecraft:bread":31,"create:whisk":1,"minecraft:white_wool":13,"minecraft:golden_apple":1,"minecraft:gold_nugget":50,"minecraft:armor_stand":2,"minecraft:anvil":1,"minecraft:white_bed":9,"create:mechanical_drill":1,"create:shaft":16,"minecraft:andesite":36,"minecraft:torch":80,"minecraft:blackstone_slab":6}},"DataVersion":3120}