{"stats":{"minecraft:broken":{"minecraft:stone_pickaxe":2,"minecraft:stone_shovel":6},"minecraft:custom":{"minecraft:mob_kills":33,"minecraft:interact_with_crafting_table":57,"minecraft:leave_game":12,"minecraft:time_since_death":8221,"minecraft:sprint_one_cm":173836,"minecraft:walk_one_cm":818285,"minecraft:drop":30,"minecraft:play_time":180275,"minecraft:deaths":32,"minecraft:sneak_time":37963,"minecraft:walk_under_water_one_cm":1112,"minecraft:boat_one_cm":2987,"minecraft:jump":872,"minecraft:walk_on_water_one_cm":5649,"minecraft:total_world_time":180275,"minecraft:interact_with_furnace":9,"minecraft:time_since_rest":8264,"minecraft:damage_taken":8325,"minecraft:damage_dealt":8635,"minecraft:fly_one_cm":47608,"minecraft:player_kills":2,"minecraft:open_chest":243,"minecraft:crouch_one_cm":111574,"minecraft:fall_one_cm":9775},"minecraft:picked_up":{"rottencreatures:frozen_rotten_flesh":13,"minecraft:wooden_pickaxe":1,"minecraft:string":7,"minecraft:moss_carpet":1,"minecraft:blue_orchid":1,"minecraft:beetroot":4,"decayingmobsbackport:eyeball":3,"minecraft:cobblestone_slab":55,"minecraft:poppy":1,"minecraft:melon_slice":3,"minecraft:dark_oak_door":3,"minecraft:dark_oak_sapling":36,"minecraft:stick":36,"minecraft:torch":1,"minecraft:dark_oak_planks":71,"minecraft:rotten_flesh":11,"minecraft:arrow":14,"minecraft:stone_sword":11,"minecraft:cactus":3,"minecraft:stone_shovel":4,"minecraft:beetroot_seeds":11,"minecraft:pink_tulip":1,"minecraft:oxeye_daisy":1,"minecraft:cod":1,"minecraft:snowball":900,"minecraft:white_wool":1,"minecraft:cobblestone":424,"minecraft:leather":1,"minecraft:oak_log":39,"minecraft:dirt":58,"minecraft:apple":6,"minecraft:wheat_seeds":1,"minecraft:stone_pickaxe":2,"minecraft:moss_block":1,"minecraft:dark_oak_slab":15,"minecraft:pumpkin":7,"minecraft:quartz":1,"minecraft:dandelion":1,"minecraft:sand":13,"minecraft:dark_oak_log":278,"minecraft:spider_eye":1,"minecraft:stone_axe":7,"minecraft:rooted_dirt":1,"minecraft:oak_sapling":34},"minecraft:dropped":{"minecraft:stone_hoe":1,"minecraft:moss_block":1,"minecraft:cobblestone":1,"minecraft:apple":1,"minecraft:bucket":1,"minecraft:stone_axe":5,"minecraft:stone_sword":1,"minecraft:stone_shovel":2,"minecraft:beetroot":1,"minecraft:rotten_flesh":1,"minecraft:filled_map":1,"minecraft:cobblestone_slab":195,"minecraft:oak_sapling":1,"rottencreatures:frozen_rotten_flesh":1,"minecraft:wooden_pickaxe":2},"minecraft:crafted":{"minecraft:oak_planks":16,"minecraft:cobblestone_slab":360,"minecraft:stone_shovel":7,"minecraft:dark_oak_boat":1,"minecraft:furnace":1,"minecraft:dark_oak_door":3,"minecraft:stone_pickaxe":6,"minecraft:cobblestone_wall":12,"minecraft:chest":2,"minecraft:dark_oak_planks":120,"minecraft:stone_hoe":1,"minecraft:crafting_table":2,"minecraft:wooden_pickaxe":2,"minecraft:pumpkin_seeds":4,"minecraft:stone_axe":5,"minecraft:air":0,"minecraft:dark_oak_slab":144,"minecraft:charcoal":15,"minecraft:stick":24,"minecraft:stone_sword":7,"minecraft:snow_block":6,"minecraft:torch":16},"minecraft:mined":{"minecraft:oak_sapling":1,"minecraft:dark_oak_leaves":16,"minecraft:dark_oak_log":258,"minecraft:grass_block":23,"minecraft:oxeye_daisy":1,"minecraft:rooted_dirt":1,"minecraft:fire":4,"minecraft:snow":691,"minecraft:pumpkin":7,"minecraft:cobblestone_slab":9,"minecraft:pink_tulip":1,"minecraft:blue_orchid":1,"minecraft:dandelion":1,"minecraft:poppy":1,"minecraft:melon":1,"minecraft:tall_grass":6,"minecraft:cobblestone":469,"minecraft:cactus":2,"minecraft:dark_oak_slab":1,"minecraft:dark_oak_door":1,"minecraft:ice":4,"minecraft:grass":4,"minecraft:oak_log":39,"minecraft:beetroots":4,"minecraft:sand":13,"minecraft:dirt":27,"minecraft:oak_leaves":53,"minecraft:fern":3},"minecraft:killed_by":{"decayingmobsbackport:weeping_chaser":2,"minecraft:player":1,"rottencreatures:glacial_hunter":1,"jacky:jacky":5,"facelesssteve:facelesszombie":4,"vivilly_dweller:vivilly_dweller":1,"skinwalker_overhaul:skinwalker_overhaul":5,"minecraft:skeleton":1,"minecraft:zombie":2,"torture:torture":3,"assimilator:assimilator":1,"kim_dweller:kim_dweller":3,"krampus:krampus":1},"minecraft:killed":{"minecraft:spider":6,"thebeastinthedark:the_beast_flees":1,"decayingmobsbackport:eye":3,"decayingmobsbackport:hunted_zombie":4,"facelesssteve:facelesszombie":2,"screaming_villager:screaming_sheep":1,"rottencreatures:frostbitten":6,"decayingmobsbackport:half_pig":2,"rottencreatures:glacial_hunter":2,"kevin_trophy:crawler_zombie":1,"minecraft:zombie":4,"minecraft:enderman":1},"minecraft:used":{"minecraft:beetroot":4,"minecraft:stone_sword":172,"minecraft:stone_shovel":697,"minecraft:chest":2,"minecraft:stone_hoe":7,"decayingmobsbackport:eyeball":2,"minecraft:torch":17,"minecraft:dirt":36,"minecraft:cobblestone_wall":12,"minecraft:snowball":301,"minecraft:dark_oak_planks":6,"minecraft:lava_bucket":4,"minecraft:dark_oak_slab":71,"minecraft:dark_oak_boat":1,"minecraft:furnace":1,"minecraft:oak_sapling":7,"minecraft:beetroot_seeds":11,"rottencreatures:frozen_rotten_flesh":2,"minecraft:pumpkin":6,"minecraft:dark_oak_sapling":40,"minecraft:water_bucket":3,"minecraft:snow_block":2,"minecraft:stone_pickaxe":462,"minecraft:cactus":1,"minecraft:wooden_pickaxe":20,"minecraft:cobblestone_slab":193,"minecraft:sand":1,"minecraft:crafting_table":2,"minecraft:pumpkin_seeds":4,"minecraft:dark_oak_door":6,"minecraft:stone_axe":312,"minecraft:cobblestone":31,"minecraft:bucket":4,"minecraft:ice":2}},"DataVersion":3120}