{"stats":{"minecraft:killed_by":{"minecraft:zombie_villager":16,"minecraft:creeper":2,"simon:simon_12":3,"sanitydim:rotting_stalker":1,"rottencreatures:burned":3,"mimicer:mimicer":1,"man:managgresive":2,"vivilly_dweller:vivilly_dweller":12,"sanitydim:sneaking_terror":8,"minecraft:piglin":1,"skinwalker_overhaul:skinwalker_overhaul":26,"minecraft:witch":12,"minecraft:zombie":5,"torture:torture":11,"thebeastinthedark:the_dark_beast":3,"kim_dweller:kim_dweller":14,"rottencreatures:undead_miner":1,"krampus:krampus":7,"minecraft:player":1,"rottencreatures:glacial_hunter":1,"minecraft:spider":1,"jacky:jacky":22,"facelesssteve:facelesszombie":14,"mutantmonsters:mutant_skeleton":3,"minecraft:skeleton":5,"assimilator:assimilator":13,"rottencreatures:frostbitten":1},"minecraft:custom":{"minecraft:interact_with_crafting_table":204,"minecraft:leave_game":19,"minecraft:time_since_death":2581,"minecraft:sprint_one_cm":1469799,"minecraft:drop":144,"minecraft:talked_to_villager":24,"minecraft:play_time":880610,"minecraft:deaths":211,"minecraft:jump":5406,"minecraft:walk_on_water_one_cm":30185,"minecraft:interact_with_furnace":41,"minecraft:traded_with_villager":37,"minecraft:sleep_in_bed":2,"minecraft:damage_dealt":74528,"minecraft:player_kills":4,"minecraft:crouch_one_cm":494225,"minecraft:mob_kills":881,"minecraft:interact_with_campfire":5,"minecraft:damage_dealt_resisted":194,"minecraft:climb_one_cm":112417,"minecraft:walk_one_cm":3467476,"minecraft:sneak_time":155168,"minecraft:walk_under_water_one_cm":12421,"minecraft:boat_one_cm":187485,"minecraft:total_world_time":880610,"minecraft:time_since_rest":2613,"minecraft:damage_taken":60571,"minecraft:fly_one_cm":747867,"minecraft:open_chest":1499,"minecraft:fall_one_cm":123928},"minecraft:dropped":{"minecraft:moss_block":1,"minecraft:dark_oak_slab":807,"minecraft:dirt":6,"minecraft:dark_oak_trapdoor":1,"minecraft:dark_oak_planks":207,"minecraft:gold_ingot":15,"minecraft:dark_oak_door":3,"minecraft:stone_axe":20,"minecraft:wheat":1,"minecraft:beetroot":1,"minecraft:rotten_flesh":1,"minecraft:gunpowder":1,"rottencreatures:frozen_rotten_flesh":1,"minecraft:quartz":2,"minecraft:water_bucket":1,"minecraft:stone_hoe":2,"minecraft:cobblestone":136,"minecraft:apple":1,"minecraft:diorite":1,"minecraft:torch":62,"minecraft:oak_stairs":1,"minecraft:bucket":2,"minecraft:stone_sword":4,"minecraft:cobblestone_wall":27,"minecraft:stone_shovel":2,"minecraft:filled_map":1,"minecraft:potato":72,"minecraft:cobblestone_slab":244,"minecraft:oak_sapling":1,"minecraft:redstone_torch":8,"minecraft:stone_pickaxe":8,"minecraft:wooden_pickaxe":2},"minecraft:broken":{"minecraft:golden_leggings":1,"minecraft:stone_pickaxe":6,"minecraft:stone_axe":2,"minecraft:stone_shovel":6,"minecraft:stone_sword":4},"minecraft:picked_up":{"rottencreatures:frozen_rotten_flesh":31,"minecraft:wheat":96,"minecraft:oak_stairs":8,"minecraft:nether_brick":6,"minecraft:golden_sword":1,"minecraft:string":36,"minecraft:soul_soil":6,"minecraft:shroomlight":1,"minecraft:beetroot":7,"minecraft:gold_nugget":13,"minecraft:bucket":3,"minecraft:redstone_torch":36,"minecraft:cobblestone_slab":264,"minecraft:iron_pickaxe":1,"minecraft:melon_slice":12,"minecraft:furnace":2,"minecraft:dark_oak_door":31,"minecraft:golden_helmet":2,"minecraft:stick":221,"minecraft:composter":1,"minecraft:torch":78,"create:andesite_casing":1,"minecraft:diorite":1,"minecraft:golden_chestplate":3,"minecraft:stone_sword":61,"minecraft:cactus":3,"minecraft:rotten_flesh":405,"minecraft:cod":1,"minecraft:snowball":1286,"minecraft:cobblestone":1766,"minecraft:leather_chestplate":2,"minecraft:magma_block":6,"minecraft:magma_cream":1,"minecraft:water_bucket":2,"minecraft:dark_oak_boat":35,"minecraft:golden_leggings":9,"minecraft:potato":184,"minecraft:dirt":174,"minecraft:leather_boots":3,"minecraft:twisting_vines":6,"minecraft:bone":300,"minecraft:bow":27,"minecraft:wheat_seeds":318,"minecraft:fletching_table":1,"minecraft:bamboo":11,"minecraft:glowstone_dust":60,"minecraft:moss_block":2,"minecraft:warped_wart_block":1,"minecraft:poisonous_potato":3,"minecraft:sand":13,"minecraft:spectral_arrow":24,"minecraft:dark_oak_log":905,"minecraft:sugar":2,"minecraft:chainmail_helmet":1,"minecraft:rooted_dirt":2,"minecraft:oak_sapling":34,"minecraft:netherrack":15,"minecraft:crimson_roots":2,"rottencreatures:magma_rotten_flesh":7,"minecraft:fishing_rod":3,"minecraft:crafting_table":4,"minecraft:nether_wart":10,"minecraft:chicken":1,"minecraft:ladder":10,"minecraft:leather_leggings":3,"minecraft:wooden_pickaxe":2,"minecraft:moss_carpet":1,"minecraft:blue_orchid":1,"minecraft:blackstone":22,"minecraft:poppy":1,"minecraft:chest":4,"minecraft:dark_oak_sapling":106,"minecraft:raw_iron":2,"minecraft:fire_charge":1,"minecraft:carrot":104,"minecraft:dark_oak_planks":630,"minecraft:arrow":444,"minecraft:stone_shovel":5,"minecraft:beetroot_seeds":19,"minecraft:pink_tulip":1,"minecraft:gold_ingot":3,"minecraft:white_wool":7,"minecraft:oxeye_daisy":1,"minecraft:leather":12,"minecraft:crimson_fungus":1,"minecraft:oak_log":39,"minecraft:golden_boots":2,"minecraft:cobblestone_wall":26,"minecraft:gunpowder":200,"minecraft:wooden_hoe":1,"minecraft:apple":10,"minecraft:iron_ingot":2,"minecraft:stone_pickaxe":24,"minecraft:glass_bottle":2,"minecraft:soul_sand":4,"minecraft:dark_oak_stairs":6,"minecraft:warped_fungus":1,"minecraft:dark_oak_slab":2127,"minecraft:pumpkin":8,"minecraft:quartz":5,"minecraft:dandelion":1,"minecraft:gravel":60,"minecraft:white_bed":2,"minecraft:crying_obsidian":10,"minecraft:spider_eye":6,"minecraft:leather_helmet":1,"minecraft:stone_axe":55,"minecraft:warped_roots":3,"minecraft:dark_oak_wood":1,"minecraft:ender_pearl":10},"minecraft:used":{"minecraft:beetroot":4,"minecraft:ladder":30,"minecraft:chest":18,"minecraft:nether_wart":5,"minecraft:rotten_flesh":25,"minecraft:soul_sand":4,"minecraft:carrot":21,"minecraft:snowball":537,"minecraft:obsidian":10,"minecraft:lava_bucket":16,"minecraft:dark_oak_wood":1,"minecraft:dark_oak_slab":2953,"minecraft:bow":32,"minecraft:dark_oak_boat":39,"minecraft:furnace":5,"minecraft:oak_sapling":7,"minecraft:beetroot_seeds":11,"minecraft:potato":72,"rottencreatures:frozen_rotten_flesh":2,"minecraft:dark_oak_sapling":97,"minecraft:chiseled_polished_blackstone":1,"minecraft:dark_oak_stairs":33,"minecraft:diorite":3,"minecraft:stone_pickaxe":1448,"minecraft:cactus":1,"minecraft:wooden_pickaxe":29,"minecraft:composter":2,"minecraft:white_wool":2,"minecraft:dark_oak_trapdoor":1,"minecraft:sand":2,"minecraft:pumpkin_seeds":4,"minecraft:redstone_torch":3,"minecraft:dark_oak_log":8,"minecraft:bread":1,"minecraft:melon_slice":4,"minecraft:ice":2,"minecraft:bone_meal":131,"minecraft:stone_sword":1623,"minecraft:flint_and_steel":40,"minecraft:stone_shovel":908,"minecraft:stone_hoe":18,"minecraft:torch":79,"minecraft:dirt":113,"minecraft:warped_wart_block":1,"minecraft:cobblestone_wall":43,"minecraft:shroomlight":1,"minecraft:dark_oak_planks":495,"minecraft:oak_stairs":9,"minecraft:rooted_dirt":1,"minecraft:bamboo":1,"minecraft:soul_soil":2,"minecraft:pumpkin":6,"minecraft:wheat_seeds":84,"minecraft:water_bucket":40,"minecraft:snow_block":2,"minecraft:fletching_table":1,"minecraft:cobblestone_slab":1185,"minecraft:crafting_table":8,"minecraft:campfire":1,"minecraft:white_bed":6,"minecraft:dark_oak_door":24,"minecraft:wooden_hoe":5,"minecraft:iron_pickaxe":55,"minecraft:golden_leggings":5,"minecraft:stone_axe":953,"minecraft:fishing_rod":2,"minecraft:cobblestone":369,"minecraft:bucket":42,"minecraft:splash_potion":50},"minecraft:crafted":{"minecraft:oak_planks":40,"minecraft:cobblestone_slab":942,"minecraft:dark_oak_boat":19,"minecraft:dark_oak_wood":3,"minecraft:dark_oak_door":6,"minecraft:bow":2,"minecraft:chest":15,"minecraft:stone_hoe":2,"create:cogwheel":3,"minecraft:emerald":37,"minecraft:crafting_table":7,"minecraft:wooden_pickaxe":2,"minecraft:fletching_table":1,"minecraft:pumpkin_seeds":4,"minecraft:campfire":1,"minecraft:diorite":4,"minecraft:dark_oak_slab":2916,"minecraft:charcoal":155,"create:water_wheel":1,"minecraft:stick":1300,"minecraft:iron_ingot":1,"minecraft:stone_sword":28,"minecraft:snow_block":6,"minecraft:gold_ingot":20,"create:large_cogwheel":3,"minecraft:composter":1,"minecraft:stone_shovel":15,"minecraft:fishing_rod":1,"minecraft:furnace":3,"minecraft:bone_meal":195,"minecraft:flint_and_steel":1,"minecraft:ladder":21,"minecraft:stone_pickaxe":23,"minecraft:cobblestone_wall":36,"minecraft:dark_oak_planks":3376,"create:andesite_alloy":4,"minecraft:dark_oak_stairs":28,"create:large_water_wheel":1,"minecraft:stone_axe":23,"minecraft:bread":31,"minecraft:air":0,"minecraft:golden_apple":1,"minecraft:gold_nugget":8,"minecraft:white_bed":4,"create:shaft":8,"minecraft:andesite":8,"minecraft:torch":80},"minecraft:killed":{"minecraft:zombified_piglin":7,"minecraft:witch":4,"rottencreatures:burned":4,"minecraft:spider":19,"thebeastinthedark:the_beast_flees":2,"minecraft:skeleton":241,"facelesssteve:facelesszombie":72,"screaming_villager:screaming_sheep":5,"minecraft:piglin":1,"minecraft:zombie_villager":4,"rottencreatures:frostbitten":23,"minecraft:creeper":191,"minecraft:zombie":249,"facelesssteve:facelesscreeper":45,"the_player:fake_fake_player":2,"rottencreatures:undead_miner":1,"rottencreatures:glacial_hunter":3,"kevin_trophy:crawler_zombie":5,"minecraft:enderman":2},"minecraft:mined":{"minecraft:dark_oak_planks":41,"minecraft:white_bed":1,"minecraft:oak_sapling":1,"minecraft:farmland":75,"create:andesite_casing":1,"minecraft:grass_block":30,"minecraft:soul_soil":6,"minecraft:composter":1,"minecraft:crimson_fungus":1,"minecraft:nether_wart":3,"minecraft:oxeye_daisy":1,"minecraft:glowstone":17,"minecraft:fire":14,"minecraft:pumpkin":8,"minecraft:dark_oak_stairs":6,"minecraft:oak_stairs":8,"minecraft:pink_tulip":1,"minecraft:blue_orchid":1,"minecraft:twisting_vines_plant":2,"minecraft:torch":21,"minecraft:dark_oak_wood":1,"minecraft:poppy":1,"minecraft:melon":3,"minecraft:chest":3,"minecraft:cobblestone":1435,"minecraft:wall_torch":5,"minecraft:dark_oak_slab":178,"minecraft:dark_oak_door":4,"minecraft:wheat":78,"minecraft:warped_fungus":1,"minecraft:grass":4,"minecraft:oak_log":39,"minecraft:beetroots":7,"minecraft:sand":13,"minecraft:dirt":45,"minecraft:netherrack":17,"minecraft:oak_leaves":53,"minecraft:nether_gold_ore":2,"minecraft:dark_oak_leaves":23,"minecraft:dark_oak_log":670,"minecraft:ladder":9,"minecraft:crimson_roots":2,"minecraft:rooted_dirt":2,"minecraft:furnace":2,"minecraft:carrots":22,"minecraft:nether_sprouts":1,"minecraft:snow":824,"minecraft:potatoes":56,"minecraft:shroomlight":1,"minecraft:cobblestone_slab":45,"minecraft:bamboo":1,"minecraft:white_wool":1,"minecraft:redstone_wall_torch":26,"minecraft:soul_sand":4,"minecraft:dandelion":1,"minecraft:crafting_table":2,"minecraft:warped_roots":3,"minecraft:tall_grass":6,"minecraft:diorite":1,"minecraft:warped_wart_block":1,"minecraft:cactus":2,"minecraft:cobblestone_wall":2,"minecraft:redstone_torch":7,"minecraft:ice":18,"minecraft:fern":3}},"DataVersion":3120}