{"stats":{"minecraft:broken":{"minecraft:stone_axe":2},"minecraft:custom":{"minecraft:interact_with_furnace":1,"minecraft:mob_kills":4,"minecraft:interact_with_crafting_table":5,"minecraft:time_since_death":6029,"minecraft:time_since_rest":6054,"minecraft:sprint_one_cm":4224,"minecraft:damage_taken":1870,"minecraft:walk_one_cm":341070,"minecraft:drop":12,"minecraft:damage_dealt":918,"minecraft:fly_one_cm":2931,"minecraft:player_kills":1,"minecraft:open_chest":50,"minecraft:crouch_one_cm":32557,"minecraft:play_time":77588,"minecraft:deaths":7,"minecraft:sneak_time":10235,"minecraft:walk_under_water_one_cm":3886,"minecraft:boat_one_cm":3611,"minecraft:jump":462,"minecraft:walk_on_water_one_cm":6238,"minecraft:total_world_time":77588,"minecraft:fall_one_cm":10274},"minecraft:picked_up":{"minecraft:fishing_rod":3,"minecraft:dark_oak_boat":3,"minecraft:oak_stairs":3,"minecraft:oak_log":6,"minecraft:dirt":55,"minecraft:blue_orchid":1,"minecraft:apple":1,"minecraft:wheat_seeds":1,"minecraft:spore_blossom":1,"decayingmobsbackport:eyeball":1,"minecraft:cobblestone_slab":5,"minecraft:poppy":1,"minecraft:moss_block":1,"minecraft:dark_oak_sapling":27,"minecraft:dark_oak_slab":98,"minecraft:stick":17,"minecraft:torch":33,"minecraft:dandelion":1,"minecraft:carrot":1,"minecraft:dark_oak_log":468,"minecraft:dark_oak_planks":4,"minecraft:stone_sword":3,"minecraft:stone_shovel":3,"minecraft:stone_axe":23,"minecraft:birch_sign":1,"minecraft:pink_tulip":1,"minecraft:rooted_dirt":1,"minecraft:oak_sapling":2,"minecraft:snowball":41,"minecraft:oxeye_daisy":1,"minecraft:cobblestone":58},"minecraft:dropped":{"minecraft:stone_axe":1,"minecraft:moss_block":1,"minecraft:wheat_seeds":1,"minecraft:cobblestone":5,"minecraft:torch":3,"minecraft:stone_pickaxe":1},"minecraft:crafted":{"minecraft:stone_axe":6,"minecraft:air":0,"minecraft:dark_oak_slab":252,"minecraft:charcoal":6,"minecraft:stick":4,"minecraft:oak_stairs":12,"minecraft:dark_oak_planks":128,"minecraft:torch":16},"minecraft:killed_by":{"mutantmonsters:mutant_skeleton":2,"minecraft:skeleton":1,"minecraft:zombie":1,"jacky:jacky":2},"minecraft:mined":{"minecraft:dark_oak_planks":2,"minecraft:dark_oak_leaves":18,"minecraft:dark_oak_log":355,"minecraft:grass_block":23,"minecraft:poppy":1,"minecraft:cobblestone":12,"minecraft:moss_block":1,"minecraft:oxeye_daisy":1,"minecraft:rooted_dirt":1,"minecraft:spore_blossom":1,"minecraft:dark_oak_slab":11,"minecraft:carrots":1,"minecraft:grass":4,"minecraft:oak_log":6,"minecraft:oak_stairs":4,"minecraft:dirt":47,"minecraft:birch_wall_sign":1,"minecraft:pink_tulip":1,"minecraft:blue_orchid":1,"minecraft:oak_leaves":9,"minecraft:fern":1},"minecraft:killed":{"thebeastinthedark:the_beast_flees":1,"decayingmobsbackport:eye":1,"decayingmobsbackport:hunted_zombie":2},"minecraft:used":{"minecraft:stone_pickaxe":4,"minecraft:wooden_pickaxe":8,"minecraft:torch":12,"minecraft:dirt":16,"minecraft:carrot":1,"minecraft:snowball":42,"minecraft:dark_oak_planks":1,"minecraft:dark_oak_log":2,"minecraft:oak_stairs":8,"minecraft:dark_oak_slab":177,"minecraft:stone_axe":393,"minecraft:cobblestone":25,"minecraft:dark_oak_boat":3,"minecraft:dark_oak_sapling":23}},"DataVersion":3120}