{"stats":{"minecraft:custom":{"minecraft:time_since_rest":17588,"minecraft:sprint_one_cm":475,"minecraft:walk_one_cm":48915,"minecraft:damage_taken":70,"minecraft:drop":2,"minecraft:fly_one_cm":40,"minecraft:open_chest":8,"minecraft:crouch_one_cm":9485,"minecraft:play_time":17588,"minecraft:sneak_time":3442,"minecraft:walk_under_water_one_cm":3316,"minecraft:jump":70,"minecraft:time_since_death":17588,"minecraft:walk_on_water_one_cm":1110,"minecraft:total_world_time":17588,"minecraft:fall_one_cm":604},"minecraft:picked_up":{"minecraft:dark_oak_sapling":1,"minecraft:dark_oak_slab":27,"minecraft:dandelion":1,"minecraft:oak_log":6,"minecraft:dark_oak_log":98,"minecraft:dirt":1,"minecraft:dark_oak_planks":1,"minecraft:blue_orchid":1,"minecraft:stone_axe":2,"minecraft:wheat_seeds":1,"minecraft:spore_blossom":1,"minecraft:birch_sign":1,"minecraft:pink_tulip":1,"minecraft:poppy":1,"minecraft:oak_sapling":2,"minecraft:oxeye_daisy":1},"minecraft:dropped":{"minecraft:stone_axe":1,"minecraft:wheat_seeds":1},"minecraft:mined":{"minecraft:dark_oak_planks":2,"minecraft:spore_blossom":1,"minecraft:dark_oak_slab":3,"minecraft:dark_oak_leaves":5,"minecraft:dark_oak_log":100,"minecraft:grass":4,"minecraft:grass_block":1,"minecraft:oak_log":6,"minecraft:poppy":1,"minecraft:birch_wall_sign":1,"minecraft:pink_tulip":1,"minecraft:blue_orchid":1,"minecraft:oxeye_daisy":1,"minecraft:oak_leaves":9,"minecraft:fern":1},"minecraft:used":{"minecraft:dark_oak_planks":1,"minecraft:dark_oak_log":2,"minecraft:dark_oak_slab":27,"minecraft:stone_axe":106,"minecraft:snowball":12,"minecraft:dark_oak_sapling":1}},"DataVersion":3120}