{"stats":{"minecraft:broken":{"minecraft:stone_pickaxe":2,"minecraft:stone_axe":5,"minecraft:wooden_hoe":1},"minecraft:picked_up":{"minecraft:fishing_rod":3,"minecraft:wheat":19,"minecraft:oak_stairs":23,"minecraft:blue_orchid":1,"minecraft:beetroot":10,"minecraft:bucket":2,"decayingmobsbackport:eyeball":4,"minecraft:cobblestone_slab":295,"minecraft:poppy":1,"minecraft:melon_slice":14,"minecraft:chest":3,"minecraft:dark_oak_door":17,"minecraft:dark_oak_sapling":41,"minecraft:stick":29,"minecraft:torch":142,"minecraft:carrot":42,"minecraft:dark_oak_planks":670,"minecraft:rotten_flesh":16,"minecraft:stone_sword":10,"minecraft:arrow":14,"minecraft:stone_shovel":3,"minecraft:beetroot_seeds":26,"minecraft:pink_tulip":1,"minecraft:snowball":215,"minecraft:white_wool":7,"minecraft:cobblestone":289,"minecraft:oxeye_daisy":1,"minecraft:magma_block":2,"minecraft:water_bucket":2,"minecraft:dark_oak_boat":7,"minecraft:oak_log":6,"minecraft:gunpowder":7,"minecraft:cobblestone_wall":209,"minecraft:dirt":134,"minecraft:bone":7,"minecraft:apple":2,"minecraft:wheat_seeds":67,"minecraft:spore_blossom":1,"minecraft:stone_pickaxe":24,"minecraft:bamboo":12,"minecraft:moss_block":1,"minecraft:stone_hoe":2,"minecraft:dark_oak_slab":3218,"minecraft:pumpkin":3,"minecraft:dandelion":1,"minecraft:sand":24,"minecraft:white_bed":2,"minecraft:dark_oak_log":666,"minecraft:spider_eye":2,"minecraft:pumpkin_seeds":5,"minecraft:stone_axe":48,"minecraft:birch_sign":1,"minecraft:rooted_dirt":1,"minecraft:oak_sapling":2,"minecraft:melon_seeds":2,"rottencreatures:magma_rotten_flesh":2,"minecraft:ender_pearl":1},"minecraft:killed_by":{"decayingmobsbackport:weeping_chaser":3,"minecraft:player":1,"minecraft:spider":1,"minecraft:enderman":1,"jacky:jacky":7,"facelesssteve:facelesszombie":1,"mimicer:mimicer":2,"man:managgresive":1,"vivilly_dweller:vivilly_dweller":2,"sanitydim:sneaking_terror":3,"minecraft:piglin":1,"skinwalker_overhaul:skinwalker_overhaul":10,"mutantmonsters:mutant_skeleton":2,"minecraft:skeleton":1,"minecraft:witch":9,"minecraft:zombie":2,"torture:torture":2,"assimilator:assimilator":3,"krampus:krampus":3},"minecraft:crafted":{"minecraft:dark_oak_door":3,"minecraft:ladder":15,"minecraft:stone_pickaxe":2,"minecraft:chest":2,"minecraft:dark_oak_planks":596,"minecraft:stone_hoe":2,"minecraft:pumpkin_seeds":4,"minecraft:stone_axe":14,"minecraft:air":0,"minecraft:dark_oak_slab":1530,"minecraft:charcoal":22,"minecraft:stick":72,"minecraft:oak_stairs":12,"minecraft:torch":40},"minecraft:killed":{"minecraft:spider":1,"thebeastinthedark:the_beast_flees":1,"decayingmobsbackport:eye":1,"decayingmobsbackport:hunted_zombie":2,"minecraft:skeleton":6,"screaming_villager:screaming_sheep":4,"decayingmobsbackport:half_pig":7,"minecraft:creeper":5,"minecraft:zombie":4,"minecraft:enderman":1},"minecraft:used":{"minecraft:netherite_sword":23,"minecraft:stone_sword":21,"minecraft:ladder":10,"minecraft:chest":2,"minecraft:stone_hoe":55,"minecraft:torch":40,"minecraft:dirt":107,"minecraft:cobblestone_wall":15,"minecraft:carrot":42,"minecraft:snowball":207,"minecraft:dark_oak_planks":67,"minecraft:oak_stairs":9,"minecraft:dark_oak_slab":1910,"minecraft:dark_oak_boat":7,"minecraft:beetroot_seeds":10,"minecraft:dark_oak_sapling":25,"minecraft:wheat_seeds":72,"ava:void_water_bucket":1,"minecraft:water_bucket":10,"minecraft:stone_pickaxe":284,"minecraft:wooden_pickaxe":8,"minecraft:cobblestone_slab":28,"minecraft:white_wool":1,"minecraft:white_bed":2,"minecraft:pumpkin_seeds":4,"minecraft:dark_oak_door":5,"minecraft:wooden_hoe":21,"minecraft:dark_oak_log":2,"minecraft:stone_axe":1105,"minecraft:cobblestone":39,"minecraft:bucket":9,"minecraft:ice":1,"minecraft:splash_potion":30},"minecraft:dropped":{"minecraft:moss_block":1,"minecraft:wheat_seeds":1,"minecraft:dark_oak_sapling":3,"minecraft:dark_oak_slab":894,"minecraft:cobblestone":65,"minecraft:apple":1,"minecraft:stick":11,"minecraft:dirt":6,"minecraft:dark_oak_log":7,"minecraft:torch":26,"minecraft:snowball":5,"minecraft:dark_oak_planks":6,"rottencreatures:magma_rotten_flesh":2,"minecraft:bucket":2,"minecraft:bone":4,"minecraft:stone_axe":5,"minecraft:stone_sword":1,"minecraft:wheat":1,"minecraft:rotten_flesh":11,"minecraft:gunpowder":2,"minecraft:arrow":6,"minecraft:stone_pickaxe":4,"minecraft:magma_block":2},"minecraft:mined":{"minecraft:dark_oak_planks":74,"minecraft:white_bed":2,"minecraft:farmland":18,"minecraft:dark_oak_leaves":18,"minecraft:dark_oak_log":355,"minecraft:grass_block":23,"minecraft:moss_block":1,"minecraft:sandstone":1,"minecraft:oxeye_daisy":1,"minecraft:rooted_dirt":1,"minecraft:spore_blossom":1,"minecraft:carrots":16,"minecraft:pumpkin":2,"minecraft:cobblestone_slab":138,"minecraft:oak_stairs":8,"minecraft:birch_wall_sign":1,"minecraft:pink_tulip":1,"minecraft:bamboo":1,"minecraft:blue_orchid":1,"minecraft:white_wool":1,"minecraft:melon_stem":1,"minecraft:torch":5,"minecraft:poppy":1,"minecraft:melon":1,"minecraft:chest":1,"minecraft:cobblestone":81,"minecraft:dark_oak_slab":556,"minecraft:cobblestone_wall":62,"minecraft:dark_oak_door":4,"minecraft:wheat":15,"minecraft:ice":8,"minecraft:pumpkin_stem":2,"minecraft:grass":4,"minecraft:oak_log":6,"minecraft:beetroots":8,"minecraft:sand":27,"minecraft:dirt":69,"minecraft:oak_leaves":9,"minecraft:fern":1},"minecraft:custom":{"minecraft:mob_kills":37,"minecraft:interact_with_crafting_table":32,"minecraft:leave_game":4,"minecraft:time_since_death":7544,"minecraft:climb_one_cm":30467,"minecraft:sprint_one_cm":310320,"minecraft:walk_one_cm":1515097,"minecraft:drop":87,"minecraft:play_time":404990,"minecraft:deaths":71,"minecraft:sneak_time":68349,"minecraft:walk_under_water_one_cm":9645,"minecraft:boat_one_cm":44209,"minecraft:jump":1656,"minecraft:walk_on_water_one_cm":35467,"minecraft:total_world_time":404990,"minecraft:interact_with_furnace":10,"minecraft:sleep_in_bed":2,"minecraft:time_since_rest":7603,"minecraft:damage_taken":24147,"minecraft:damage_dealt":5134,"minecraft:swim_one_cm":56,"minecraft:fly_one_cm":117273,"minecraft:player_kills":2,"minecraft:open_chest":283,"minecraft:crouch_one_cm":219048,"minecraft:fall_one_cm":96913}},"DataVersion":3120}