{"stats":{"minecraft:broken":{"minecraft:stone_axe":2},"minecraft:custom":{"minecraft:interact_with_furnace":1,"minecraft:mob_kills":7,"minecraft:interact_with_crafting_table":9,"minecraft:time_since_death":975,"minecraft:time_since_rest":1007,"minecraft:sprint_one_cm":16064,"minecraft:damage_taken":3430,"minecraft:walk_one_cm":462246,"minecraft:drop":30,"minecraft:damage_dealt":2407,"minecraft:fly_one_cm":12073,"minecraft:player_kills":1,"minecraft:open_chest":58,"minecraft:crouch_one_cm":47847,"minecraft:play_time":101588,"minecraft:deaths":12,"minecraft:sneak_time":15612,"minecraft:walk_under_water_one_cm":3886,"minecraft:boat_one_cm":3611,"minecraft:jump":582,"minecraft:walk_on_water_one_cm":6238,"minecraft:total_world_time":101588,"minecraft:fall_one_cm":11628},"minecraft:picked_up":{"minecraft:fishing_rod":3,"minecraft:dark_oak_boat":3,"minecraft:oak_stairs":3,"minecraft:oak_log":6,"minecraft:cobblestone_wall":12,"minecraft:dirt":55,"minecraft:blue_orchid":1,"minecraft:apple":1,"minecraft:wheat_seeds":1,"minecraft:spore_blossom":1,"minecraft:stone_pickaxe":2,"decayingmobsbackport:eyeball":4,"minecraft:cobblestone_slab":15,"minecraft:poppy":1,"minecraft:moss_block":1,"minecraft:dark_oak_sapling":27,"minecraft:dark_oak_slab":348,"minecraft:stick":17,"minecraft:torch":34,"minecraft:dandelion":1,"minecraft:carrot":1,"minecraft:dark_oak_log":468,"minecraft:spider_eye":1,"minecraft:dark_oak_planks":234,"minecraft:stone_sword":4,"minecraft:rotten_flesh":10,"minecraft:stone_shovel":3,"minecraft:stone_axe":28,"minecraft:birch_sign":1,"minecraft:pink_tulip":1,"minecraft:rooted_dirt":1,"minecraft:oak_sapling":2,"minecraft:snowball":104,"minecraft:oxeye_daisy":1,"minecraft:cobblestone":63},"minecraft:dropped":{"minecraft:stone_axe":3,"minecraft:moss_block":1,"minecraft:wheat_seeds":1,"minecraft:stone_sword":1,"minecraft:cobblestone":5,"minecraft:rotten_flesh":10,"minecraft:torch":3,"minecraft:snowball":5,"minecraft:stone_pickaxe":1},"minecraft:crafted":{"minecraft:stone_axe":6,"minecraft:air":0,"minecraft:dark_oak_slab":336,"minecraft:charcoal":6,"minecraft:stick":4,"minecraft:oak_stairs":12,"minecraft:dark_oak_planks":176,"minecraft:torch":16},"minecraft:killed_by":{"sanitydim:sneaking_terror":3,"skinwalker_overhaul:skinwalker_overhaul":1,"mutantmonsters:mutant_skeleton":2,"minecraft:skeleton":1,"minecraft:zombie":1,"jacky:jacky":3},"minecraft:mined":{"minecraft:dark_oak_planks":13,"minecraft:dark_oak_leaves":18,"minecraft:dark_oak_log":355,"minecraft:grass_block":23,"minecraft:poppy":1,"minecraft:cobblestone":15,"minecraft:moss_block":1,"minecraft:oxeye_daisy":1,"minecraft:rooted_dirt":1,"minecraft:spore_blossom":1,"minecraft:dark_oak_slab":37,"minecraft:cobblestone_wall":6,"minecraft:carrots":1,"minecraft:grass":4,"minecraft:oak_log":6,"minecraft:cobblestone_slab":6,"minecraft:oak_stairs":4,"minecraft:dirt":47,"minecraft:birch_wall_sign":1,"minecraft:pink_tulip":1,"minecraft:blue_orchid":1,"minecraft:oak_leaves":9,"minecraft:fern":1},"minecraft:killed":{"thebeastinthedark:the_beast_flees":1,"decayingmobsbackport:eye":1,"decayingmobsbackport:hunted_zombie":2,"minecraft:zombie":2},"minecraft:used":{"minecraft:stone_pickaxe":21,"minecraft:wooden_pickaxe":8,"minecraft:cobblestone_slab":2,"minecraft:torch":16,"minecraft:dirt":16,"minecraft:cobblestone_wall":7,"minecraft:carrot":1,"minecraft:snowball":73,"minecraft:dark_oak_planks":49,"minecraft:dark_oak_log":2,"minecraft:oak_stairs":8,"minecraft:dark_oak_slab":309,"minecraft:stone_axe":461,"minecraft:cobblestone":25,"minecraft:dark_oak_boat":3,"minecraft:dark_oak_sapling":23}},"DataVersion":3120}