{"stats":{"minecraft:custom":{"minecraft:time_since_rest":5588,"minecraft:open_chest":6,"minecraft:crouch_one_cm":1106,"minecraft:sprint_one_cm":330,"minecraft:damage_taken":10,"minecraft:play_time":5588,"minecraft:walk_one_cm":14090,"minecraft:sneak_time":321,"minecraft:drop":1,"minecraft:jump":6,"minecraft:time_since_death":5588,"minecraft:total_world_time":5588},"minecraft:picked_up":{"minecraft:blue_orchid":1,"minecraft:wheat_seeds":1,"minecraft:dandelion":1,"minecraft:birch_sign":1,"minecraft:pink_tulip":1,"minecraft:oak_log":6,"minecraft:poppy":1,"minecraft:oak_sapling":2,"minecraft:oxeye_daisy":1},"minecraft:dropped":{"minecraft:wheat_seeds":1},"minecraft:mined":{"minecraft:grass":4,"minecraft:oak_log":6,"minecraft:poppy":1,"minecraft:birch_wall_sign":1,"minecraft:pink_tulip":1,"minecraft:blue_orchid":1,"minecraft:oxeye_daisy":1,"minecraft:oak_leaves":9,"minecraft:fern":1}},"DataVersion":3120}