{"stats":{"minecraft:broken":{"minecraft:stone_axe":2},"minecraft:custom":{"minecraft:interact_with_furnace":1,"minecraft:interact_with_crafting_table":5,"minecraft:time_since_death":4899,"minecraft:time_since_rest":4923,"minecraft:sprint_one_cm":3110,"minecraft:damage_taken":960,"minecraft:walk_one_cm":267791,"minecraft:drop":12,"minecraft:damage_dealt":110,"minecraft:fly_one_cm":851,"minecraft:player_kills":1,"minecraft:open_chest":42,"minecraft:crouch_one_cm":26646,"minecraft:play_time":65588,"minecraft:deaths":3,"minecraft:sneak_time":8507,"minecraft:walk_under_water_one_cm":3886,"minecraft:jump":392,"minecraft:walk_on_water_one_cm":5461,"minecraft:total_world_time":65588,"minecraft:fall_one_cm":9393},"minecraft:picked_up":{"minecraft:fishing_rod":1,"minecraft:dark_oak_boat":3,"minecraft:oak_stairs":3,"minecraft:oak_log":6,"minecraft:dirt":55,"minecraft:blue_orchid":1,"minecraft:apple":1,"minecraft:wheat_seeds":1,"minecraft:spore_blossom":1,"minecraft:cobblestone_slab":5,"minecraft:poppy":1,"minecraft:moss_block":1,"minecraft:dark_oak_sapling":27,"minecraft:dark_oak_slab":30,"minecraft:stick":13,"minecraft:torch":23,"minecraft:dandelion":1,"minecraft:dark_oak_log":352,"minecraft:dark_oak_planks":4,"minecraft:stone_sword":1,"minecraft:stone_shovel":1,"minecraft:stone_axe":11,"minecraft:birch_sign":1,"minecraft:pink_tulip":1,"minecraft:rooted_dirt":1,"minecraft:oak_sapling":2,"minecraft:snowball":23,"minecraft:oxeye_daisy":1,"minecraft:cobblestone":58},"minecraft:dropped":{"minecraft:stone_axe":1,"minecraft:moss_block":1,"minecraft:wheat_seeds":1,"minecraft:cobblestone":5,"minecraft:torch":3,"minecraft:stone_pickaxe":1},"minecraft:crafted":{"minecraft:stone_axe":6,"minecraft:air":0,"minecraft:dark_oak_slab":252,"minecraft:charcoal":6,"minecraft:stick":4,"minecraft:oak_stairs":12,"minecraft:dark_oak_planks":128,"minecraft:torch":16},"minecraft:killed_by":{"jacky:jacky":2},"minecraft:mined":{"minecraft:dark_oak_planks":2,"minecraft:dark_oak_leaves":18,"minecraft:dark_oak_log":355,"minecraft:grass_block":23,"minecraft:poppy":1,"minecraft:cobblestone":12,"minecraft:moss_block":1,"minecraft:oxeye_daisy":1,"minecraft:rooted_dirt":1,"minecraft:spore_blossom":1,"minecraft:dark_oak_slab":7,"minecraft:grass":4,"minecraft:oak_log":6,"minecraft:oak_stairs":4,"minecraft:dirt":47,"minecraft:birch_wall_sign":1,"minecraft:pink_tulip":1,"minecraft:blue_orchid":1,"minecraft:oak_leaves":9,"minecraft:fern":1},"minecraft:used":{"minecraft:stone_pickaxe":4,"minecraft:wooden_pickaxe":8,"minecraft:torch":12,"minecraft:dirt":16,"minecraft:snowball":23,"minecraft:dark_oak_planks":1,"minecraft:dark_oak_log":2,"minecraft:oak_stairs":8,"minecraft:dark_oak_slab":109,"minecraft:stone_axe":383,"minecraft:cobblestone":25,"minecraft:dark_oak_boat":2,"minecraft:dark_oak_sapling":23}},"DataVersion":3120}