{"stats":{"minecraft:broken":{"minecraft:stone_pickaxe":1,"minecraft:stone_axe":3},"minecraft:killed_by":{"decayingmobsbackport:weeping_chaser":3,"man:managgresive":1,"sanitydim:sneaking_terror":3,"skinwalker_overhaul:skinwalker_overhaul":7,"mutantmonsters:mutant_skeleton":2,"minecraft:skeleton":1,"minecraft:zombie":2,"minecraft:enderman":1,"torture:torture":1,"jacky:jacky":4,"assimilator:assimilator":1,"mimicer:mimicer":1,"krampus:krampus":1},"minecraft:custom":{"minecraft:interact_with_furnace":1,"minecraft:mob_kills":10,"minecraft:interact_with_crafting_table":24,"minecraft:leave_game":1,"minecraft:time_since_death":0,"minecraft:climb_one_cm":13053,"minecraft:time_since_rest":505,"minecraft:sprint_one_cm":153186,"minecraft:damage_taken":9303,"minecraft:walk_one_cm":993616,"minecraft:drop":53,"minecraft:damage_dealt":3233,"minecraft:swim_one_cm":56,"minecraft:fly_one_cm":47229,"minecraft:player_kills":1,"minecraft:open_chest":161,"minecraft:crouch_one_cm":148972,"minecraft:play_time":233038,"minecraft:sneak_time":47327,"minecraft:deaths":34,"minecraft:walk_under_water_one_cm":9229,"minecraft:boat_one_cm":26800,"minecraft:jump":1097,"minecraft:walk_on_water_one_cm":21860,"minecraft:total_world_time":233038,"minecraft:fall_one_cm":31629},"minecraft:used":{"minecraft:wheat_seeds":19,"minecraft:water_bucket":6,"minecraft:stone_pickaxe":112,"minecraft:ladder":7,"minecraft:chest":2,"minecraft:wooden_pickaxe":8,"minecraft:cobblestone_slab":21,"minecraft:stone_hoe":30,"minecraft:white_wool":1,"minecraft:torch":32,"minecraft:dirt":79,"minecraft:carrot":22,"minecraft:cobblestone_wall":15,"minecraft:snowball":115,"minecraft:pumpkin_seeds":4,"minecraft:dark_oak_door":5,"minecraft:dark_oak_planks":53,"minecraft:wooden_hoe":8,"minecraft:dark_oak_log":2,"minecraft:oak_stairs":9,"minecraft:dark_oak_slab":1260,"minecraft:stone_axe":724,"minecraft:cobblestone":33,"minecraft:dark_oak_boat":4,"minecraft:bucket":6,"minecraft:beetroot_seeds":2,"minecraft:ice":1,"minecraft:dark_oak_sapling":23},"minecraft:picked_up":{"minecraft:fishing_rod":3,"minecraft:wheat":4,"minecraft:dark_oak_boat":4,"minecraft:oak_stairs":16,"minecraft:oak_log":6,"minecraft:cobblestone_wall":36,"minecraft:dirt":106,"minecraft:bone":2,"minecraft:beetroot":1,"minecraft:blue_orchid":1,"minecraft:apple":1,"minecraft:wheat_seeds":14,"minecraft:bucket":2,"minecraft:spore_blossom":1,"minecraft:stone_pickaxe":15,"decayingmobsbackport:eyeball":4,"minecraft:cobblestone_slab":91,"minecraft:poppy":1,"minecraft:chest":3,"minecraft:melon_slice":14,"minecraft:moss_block":1,"minecraft:stone_hoe":2,"minecraft:dark_oak_door":10,"minecraft:dark_oak_sapling":27,"minecraft:stick":17,"minecraft:dark_oak_slab":2002,"minecraft:pumpkin":3,"minecraft:torch":99,"minecraft:dandelion":1,"minecraft:sand":23,"minecraft:carrot":10,"minecraft:dark_oak_log":529,"minecraft:spider_eye":2,"minecraft:dark_oak_planks":328,"minecraft:stone_sword":4,"minecraft:pumpkin_seeds":5,"minecraft:arrow":3,"minecraft:stone_shovel":3,"minecraft:rotten_flesh":10,"minecraft:stone_axe":38,"minecraft:birch_sign":1,"minecraft:pink_tulip":1,"minecraft:ender_pearl":1,"minecraft:rooted_dirt":1,"minecraft:oak_sapling":2,"minecraft:melon_seeds":2,"minecraft:snowball":141,"minecraft:white_wool":3,"minecraft:cobblestone":162,"minecraft:oxeye_daisy":1},"minecraft:mined":{"minecraft:dark_oak_planks":19,"minecraft:farmland":18,"minecraft:dark_oak_leaves":18,"minecraft:melon_stem":1,"minecraft:dark_oak_log":355,"minecraft:torch":4,"minecraft:grass_block":23,"minecraft:poppy":1,"minecraft:chest":1,"minecraft:melon":1,"minecraft:cobblestone":51,"minecraft:moss_block":1,"minecraft:oxeye_daisy":1,"minecraft:rooted_dirt":1,"minecraft:spore_blossom":1,"minecraft:dark_oak_slab":239,"minecraft:carrots":7,"minecraft:cobblestone_wall":18,"minecraft:dark_oak_door":2,"minecraft:wheat":2,"minecraft:ice":3,"minecraft:pumpkin_stem":2,"minecraft:pumpkin":2,"minecraft:grass":4,"minecraft:oak_log":6,"minecraft:cobblestone_slab":48,"minecraft:oak_stairs":7,"minecraft:sand":26,"minecraft:dirt":62,"minecraft:birch_wall_sign":1,"minecraft:pink_tulip":1,"minecraft:blue_orchid":1,"minecraft:white_wool":1,"minecraft:oak_leaves":9,"minecraft:fern":1},"minecraft:dropped":{"minecraft:stone_axe":5,"minecraft:moss_block":1,"minecraft:wheat_seeds":1,"minecraft:stone_sword":1,"minecraft:wheat":1,"minecraft:dark_oak_slab":432,"minecraft:cobblestone":47,"minecraft:rotten_flesh":10,"minecraft:dirt":6,"minecraft:torch":26,"minecraft:snowball":5,"minecraft:stone_pickaxe":3,"minecraft:dark_oak_planks":6,"minecraft:bucket":2},"minecraft:killed":{"minecraft:spider":1,"thebeastinthedark:the_beast_flees":1,"decayingmobsbackport:eye":1,"decayingmobsbackport:hunted_zombie":2,"minecraft:skeleton":1,"minecraft:zombie":2,"minecraft:enderman":1},"minecraft:crafted":{"minecraft:pumpkin_seeds":4,"minecraft:stone_axe":12,"minecraft:air":0,"minecraft:dark_oak_door":3,"minecraft:dark_oak_slab":1242,"minecraft:charcoal":6,"minecraft:ladder":15,"minecraft:stick":68,"minecraft:stone_pickaxe":2,"minecraft:oak_stairs":12,"minecraft:chest":2,"minecraft:dark_oak_planks":596,"minecraft:torch":40}},"DataVersion":3120}