{"stats":{"minecraft:broken":{"minecraft:stone_axe":2},"minecraft:killed_by":{"man:managgresive":1,"sanitydim:sneaking_terror":3,"skinwalker_overhaul:skinwalker_overhaul":4,"mutantmonsters:mutant_skeleton":2,"minecraft:skeleton":1,"minecraft:zombie":2,"jacky:jacky":3,"assimilator:assimilator":1,"mimicer:mimicer":1},"minecraft:used":{"minecraft:stone_pickaxe":34,"minecraft:wooden_pickaxe":8,"minecraft:cobblestone_slab":9,"minecraft:white_wool":1,"minecraft:torch":19,"minecraft:dirt":16,"minecraft:carrot":1,"minecraft:cobblestone_wall":11,"minecraft:snowball":90,"minecraft:dark_oak_door":5,"minecraft:dark_oak_planks":52,"minecraft:dark_oak_log":2,"minecraft:oak_stairs":8,"minecraft:dark_oak_slab":478,"minecraft:stone_axe":512,"minecraft:cobblestone":25,"minecraft:dark_oak_boat":3,"minecraft:dark_oak_sapling":23},"minecraft:custom":{"minecraft:interact_with_furnace":1,"minecraft:mob_kills":7,"minecraft:interact_with_crafting_table":12,"minecraft:time_since_death":6872,"minecraft:time_since_rest":6928,"minecraft:sprint_one_cm":47410,"minecraft:damage_taken":5550,"minecraft:walk_one_cm":588313,"minecraft:drop":31,"minecraft:damage_dealt":2446,"minecraft:fly_one_cm":24490,"minecraft:player_kills":1,"minecraft:open_chest":82,"minecraft:crouch_one_cm":63611,"minecraft:play_time":125475,"minecraft:deaths":20,"minecraft:sneak_time":20708,"minecraft:walk_under_water_one_cm":3886,"minecraft:boat_one_cm":3611,"minecraft:jump":682,"minecraft:walk_on_water_one_cm":6238,"minecraft:total_world_time":125475,"minecraft:fall_one_cm":14129},"minecraft:picked_up":{"minecraft:fishing_rod":3,"minecraft:wheat":1,"minecraft:dark_oak_boat":3,"minecraft:oak_stairs":13,"minecraft:oak_log":6,"minecraft:cobblestone_wall":23,"minecraft:dirt":55,"minecraft:blue_orchid":1,"minecraft:apple":1,"minecraft:wheat_seeds":1,"minecraft:bucket":1,"minecraft:spore_blossom":1,"minecraft:stone_pickaxe":8,"decayingmobsbackport:eyeball":4,"minecraft:cobblestone_slab":49,"minecraft:poppy":1,"minecraft:moss_block":1,"minecraft:dark_oak_door":6,"minecraft:dark_oak_sapling":27,"minecraft:stick":17,"minecraft:dark_oak_slab":958,"minecraft:torch":41,"minecraft:dandelion":1,"minecraft:carrot":1,"minecraft:dark_oak_log":468,"minecraft:spider_eye":1,"minecraft:dark_oak_planks":240,"minecraft:stone_sword":4,"minecraft:rotten_flesh":10,"minecraft:stone_shovel":3,"minecraft:stone_axe":32,"minecraft:birch_sign":1,"minecraft:pink_tulip":1,"minecraft:rooted_dirt":1,"minecraft:oak_sapling":2,"minecraft:snowball":122,"minecraft:white_wool":3,"minecraft:cobblestone":75,"minecraft:oxeye_daisy":1},"minecraft:mined":{"minecraft:dark_oak_planks":15,"minecraft:dark_oak_leaves":18,"minecraft:dark_oak_log":355,"minecraft:torch":1,"minecraft:grass_block":23,"minecraft:poppy":1,"minecraft:cobblestone":15,"minecraft:moss_block":1,"minecraft:oxeye_daisy":1,"minecraft:rooted_dirt":1,"minecraft:spore_blossom":1,"minecraft:dark_oak_slab":86,"minecraft:carrots":1,"minecraft:cobblestone_wall":6,"minecraft:dark_oak_door":2,"minecraft:grass":4,"minecraft:oak_log":6,"minecraft:cobblestone_slab":18,"minecraft:oak_stairs":4,"minecraft:dirt":47,"minecraft:birch_wall_sign":1,"minecraft:pink_tulip":1,"minecraft:blue_orchid":1,"minecraft:white_wool":1,"minecraft:oak_leaves":9,"minecraft:fern":1},"minecraft:dropped":{"minecraft:stone_axe":3,"minecraft:moss_block":1,"minecraft:wheat_seeds":1,"minecraft:stone_sword":1,"minecraft:wheat":1,"minecraft:cobblestone":5,"minecraft:rotten_flesh":10,"minecraft:torch":3,"minecraft:snowball":5,"minecraft:stone_pickaxe":1},"minecraft:killed":{"thebeastinthedark:the_beast_flees":1,"decayingmobsbackport:eye":1,"decayingmobsbackport:hunted_zombie":2,"minecraft:zombie":2},"minecraft:crafted":{"minecraft:stone_axe":6,"minecraft:air":0,"minecraft:dark_oak_door":3,"minecraft:dark_oak_slab":396,"minecraft:charcoal":6,"minecraft:stick":4,"minecraft:oak_stairs":12,"minecraft:dark_oak_planks":184,"minecraft:torch":16}},"DataVersion":3120}