{"stats":{"minecraft:custom":{"minecraft:time_since_rest":29588,"minecraft:interact_with_furnace":1,"minecraft:sprint_one_cm":475,"minecraft:walk_one_cm":93305,"minecraft:damage_taken":130,"minecraft:drop":11,"minecraft:interact_with_crafting_table":3,"minecraft:fly_one_cm":262,"minecraft:open_chest":11,"minecraft:crouch_one_cm":22724,"minecraft:play_time":29588,"minecraft:sneak_time":6628,"minecraft:walk_under_water_one_cm":3608,"minecraft:jump":141,"minecraft:time_since_death":29588,"minecraft:walk_on_water_one_cm":2554,"minecraft:total_world_time":29588,"minecraft:fall_one_cm":1978},"minecraft:picked_up":{"minecraft:dark_oak_sapling":1,"minecraft:dark_oak_slab":30,"minecraft:torch":8,"minecraft:dandelion":1,"minecraft:oak_log":6,"minecraft:dark_oak_log":98,"minecraft:dirt":41,"minecraft:dark_oak_planks":1,"minecraft:blue_orchid":1,"minecraft:stone_axe":4,"minecraft:wheat_seeds":1,"minecraft:spore_blossom":1,"minecraft:birch_sign":1,"minecraft:pink_tulip":1,"minecraft:poppy":1,"minecraft:rooted_dirt":1,"minecraft:moss_block":1,"minecraft:oak_sapling":2,"minecraft:cobblestone":23,"minecraft:oxeye_daisy":1},"minecraft:dropped":{"minecraft:stone_axe":1,"minecraft:moss_block":1,"minecraft:wheat_seeds":1,"minecraft:torch":3,"minecraft:cobblestone":5},"minecraft:crafted":{"minecraft:dark_oak_slab":252,"minecraft:charcoal":6,"minecraft:stick":4,"minecraft:dark_oak_planks":128,"minecraft:torch":16,"minecraft:air":0},"minecraft:mined":{"minecraft:dark_oak_planks":2,"minecraft:spore_blossom":1,"minecraft:dark_oak_slab":7,"minecraft:dark_oak_leaves":5,"minecraft:dark_oak_log":100,"minecraft:grass":4,"minecraft:grass_block":12,"minecraft:oak_log":6,"minecraft:poppy":1,"minecraft:dirt":31,"minecraft:birch_wall_sign":1,"minecraft:pink_tulip":1,"minecraft:blue_orchid":1,"minecraft:moss_block":1,"minecraft:oxeye_daisy":1,"minecraft:oak_leaves":9,"minecraft:rooted_dirt":1,"minecraft:fern":1},"minecraft:used":{"minecraft:dark_oak_planks":1,"minecraft:dark_oak_log":2,"minecraft:dark_oak_slab":109,"minecraft:stone_axe":110,"minecraft:torch":3,"minecraft:dirt":7,"minecraft:snowball":14,"minecraft:dark_oak_sapling":1}},"DataVersion":3120}