{"stats":{"minecraft:broken":{"minecraft:stone_pickaxe":1,"minecraft:stone_axe":3,"minecraft:wooden_hoe":1},"minecraft:killed_by":{"decayingmobsbackport:weeping_chaser":3,"minecraft:player":1,"minecraft:spider":1,"minecraft:enderman":1,"jacky:jacky":5,"facelesssteve:facelesszombie":1,"mimicer:mimicer":2,"man:managgresive":1,"sanitydim:sneaking_terror":3,"skinwalker_overhaul:skinwalker_overhaul":7,"mutantmonsters:mutant_skeleton":2,"minecraft:skeleton":1,"minecraft:zombie":2,"torture:torture":2,"assimilator:assimilator":2,"krampus:krampus":1},"minecraft:used":{"minecraft:ladder":7,"minecraft:chest":2,"minecraft:stone_hoe":39,"minecraft:torch":32,"minecraft:dirt":82,"minecraft:cobblestone_wall":15,"minecraft:carrot":29,"minecraft:snowball":118,"minecraft:dark_oak_planks":53,"minecraft:oak_stairs":9,"minecraft:dark_oak_slab":1260,"minecraft:dark_oak_boat":4,"minecraft:beetroot_seeds":9,"minecraft:dark_oak_sapling":23,"minecraft:wheat_seeds":36,"minecraft:water_bucket":6,"minecraft:stone_pickaxe":112,"minecraft:wooden_pickaxe":8,"minecraft:cobblestone_slab":21,"minecraft:white_wool":1,"minecraft:pumpkin_seeds":4,"minecraft:dark_oak_door":5,"minecraft:wooden_hoe":21,"minecraft:dark_oak_log":2,"minecraft:stone_axe":730,"minecraft:cobblestone":33,"minecraft:bucket":6,"minecraft:ice":1},"minecraft:custom":{"minecraft:mob_kills":10,"minecraft:interact_with_crafting_table":26,"minecraft:leave_game":1,"minecraft:time_since_death":834,"minecraft:climb_one_cm":18307,"minecraft:sprint_one_cm":184550,"minecraft:walk_one_cm":1090790,"minecraft:drop":63,"minecraft:play_time":287038,"minecraft:deaths":46,"minecraft:sneak_time":47797,"minecraft:walk_under_water_one_cm":9229,"minecraft:boat_one_cm":26800,"minecraft:jump":1307,"minecraft:walk_on_water_one_cm":23376,"minecraft:total_world_time":287038,"minecraft:interact_with_furnace":1,"minecraft:time_since_rest":863,"minecraft:damage_taken":12471,"minecraft:damage_dealt":3407,"minecraft:swim_one_cm":56,"minecraft:fly_one_cm":60825,"minecraft:player_kills":1,"minecraft:open_chest":187,"minecraft:crouch_one_cm":149352,"minecraft:fall_one_cm":37887},"minecraft:picked_up":{"minecraft:fishing_rod":3,"minecraft:wheat":9,"minecraft:oak_stairs":16,"minecraft:blue_orchid":1,"minecraft:beetroot":3,"minecraft:bucket":2,"decayingmobsbackport:eyeball":4,"minecraft:cobblestone_slab":91,"minecraft:poppy":1,"minecraft:melon_slice":14,"minecraft:chest":3,"minecraft:dark_oak_door":11,"minecraft:dark_oak_sapling":27,"minecraft:stick":17,"minecraft:torch":99,"minecraft:carrot":17,"minecraft:dark_oak_planks":331,"minecraft:rotten_flesh":12,"minecraft:stone_sword":4,"minecraft:arrow":6,"minecraft:stone_shovel":3,"minecraft:beetroot_seeds":7,"minecraft:pink_tulip":1,"minecraft:oxeye_daisy":1,"minecraft:snowball":151,"minecraft:white_wool":3,"minecraft:cobblestone":198,"minecraft:dark_oak_boat":4,"minecraft:oak_log":6,"minecraft:cobblestone_wall":36,"minecraft:gunpowder":2,"minecraft:dirt":127,"minecraft:bone":3,"minecraft:apple":1,"minecraft:wheat_seeds":31,"minecraft:spore_blossom":1,"minecraft:stone_pickaxe":17,"minecraft:moss_block":1,"minecraft:stone_hoe":2,"minecraft:dark_oak_slab":2373,"minecraft:pumpkin":3,"minecraft:dandelion":1,"minecraft:sand":23,"minecraft:dark_oak_log":529,"minecraft:spider_eye":2,"minecraft:pumpkin_seeds":5,"minecraft:stone_axe":38,"minecraft:birch_sign":1,"minecraft:rooted_dirt":1,"minecraft:oak_sapling":2,"minecraft:melon_seeds":2,"minecraft:ender_pearl":1},"minecraft:mined":{"minecraft:dark_oak_planks":19,"minecraft:farmland":18,"minecraft:dark_oak_leaves":18,"minecraft:dark_oak_log":355,"minecraft:grass_block":23,"minecraft:moss_block":1,"minecraft:oxeye_daisy":1,"minecraft:rooted_dirt":1,"minecraft:spore_blossom":1,"minecraft:carrots":10,"minecraft:pumpkin":2,"minecraft:cobblestone_slab":48,"minecraft:oak_stairs":7,"minecraft:birch_wall_sign":1,"minecraft:pink_tulip":1,"minecraft:blue_orchid":1,"minecraft:white_wool":1,"minecraft:melon_stem":1,"minecraft:torch":4,"minecraft:poppy":1,"minecraft:melon":1,"minecraft:chest":1,"minecraft:cobblestone":51,"minecraft:dark_oak_slab":243,"minecraft:dark_oak_door":3,"minecraft:cobblestone_wall":18,"minecraft:wheat":7,"minecraft:ice":5,"minecraft:pumpkin_stem":2,"minecraft:grass":4,"minecraft:oak_log":6,"minecraft:beetroots":2,"minecraft:sand":26,"minecraft:dirt":62,"minecraft:oak_leaves":9,"minecraft:fern":1},"minecraft:dropped":{"minecraft:moss_block":1,"minecraft:wheat_seeds":1,"minecraft:dark_oak_slab":790,"minecraft:cobblestone":65,"minecraft:dirt":6,"minecraft:torch":26,"minecraft:snowball":5,"minecraft:dark_oak_planks":6,"minecraft:bucket":2,"minecraft:stone_axe":5,"minecraft:stone_sword":1,"minecraft:wheat":1,"minecraft:rotten_flesh":10,"minecraft:stone_pickaxe":4},"minecraft:killed":{"minecraft:spider":1,"thebeastinthedark:the_beast_flees":1,"decayingmobsbackport:eye":1,"minecraft:skeleton":1,"decayingmobsbackport:hunted_zombie":2,"minecraft:zombie":2,"minecraft:enderman":1},"minecraft:crafted":{"minecraft:dark_oak_door":3,"minecraft:ladder":15,"minecraft:stone_pickaxe":2,"minecraft:chest":2,"minecraft:dark_oak_planks":596,"minecraft:stone_hoe":2,"minecraft:pumpkin_seeds":4,"minecraft:stone_axe":12,"minecraft:air":0,"minecraft:dark_oak_slab":1242,"minecraft:charcoal":6,"minecraft:stick":72,"minecraft:oak_stairs":12,"minecraft:torch":40}},"DataVersion":3120}