{"stats":{"minecraft:broken":{"minecraft:stone_pickaxe":1,"minecraft:stone_axe":2},"minecraft:killed_by":{"decayingmobsbackport:weeping_chaser":3,"man:managgresive":1,"sanitydim:sneaking_terror":3,"skinwalker_overhaul:skinwalker_overhaul":5,"mutantmonsters:mutant_skeleton":2,"minecraft:skeleton":1,"minecraft:zombie":2,"torture:torture":1,"jacky:jacky":4,"assimilator:assimilator":1,"mimicer:mimicer":1,"krampus:krampus":1},"minecraft:used":{"minecraft:stone_pickaxe":60,"minecraft:wooden_pickaxe":8,"minecraft:cobblestone_slab":17,"minecraft:white_wool":1,"minecraft:torch":19,"minecraft:dirt":18,"minecraft:carrot":6,"minecraft:cobblestone_wall":15,"minecraft:snowball":90,"minecraft:pumpkin_seeds":4,"minecraft:dark_oak_door":5,"minecraft:dark_oak_planks":52,"minecraft:wooden_hoe":8,"minecraft:dark_oak_log":2,"minecraft:oak_stairs":9,"minecraft:dark_oak_slab":608,"minecraft:stone_axe":540,"minecraft:cobblestone":25,"minecraft:dark_oak_boat":4,"minecraft:dark_oak_sapling":23},"minecraft:custom":{"minecraft:interact_with_furnace":1,"minecraft:mob_kills":8,"minecraft:interact_with_crafting_table":17,"minecraft:time_since_death":3510,"minecraft:time_since_rest":3524,"minecraft:sprint_one_cm":81028,"minecraft:damage_taken":7717,"minecraft:walk_one_cm":707170,"minecraft:drop":31,"minecraft:damage_dealt":2676,"minecraft:fly_one_cm":33496,"minecraft:player_kills":1,"minecraft:open_chest":107,"minecraft:crouch_one_cm":72534,"minecraft:play_time":149475,"minecraft:deaths":28,"minecraft:sneak_time":24728,"minecraft:walk_under_water_one_cm":3886,"minecraft:boat_one_cm":26800,"minecraft:jump":754,"minecraft:walk_on_water_one_cm":6846,"minecraft:total_world_time":149475,"minecraft:fall_one_cm":18811},"minecraft:picked_up":{"minecraft:fishing_rod":3,"minecraft:wheat":1,"minecraft:dark_oak_boat":4,"minecraft:oak_stairs":14,"minecraft:oak_log":6,"minecraft:cobblestone_wall":31,"minecraft:dirt":55,"minecraft:blue_orchid":1,"minecraft:apple":1,"minecraft:wheat_seeds":1,"minecraft:bucket":1,"minecraft:spore_blossom":1,"minecraft:stone_pickaxe":10,"decayingmobsbackport:eyeball":4,"minecraft:cobblestone_slab":70,"minecraft:poppy":1,"minecraft:moss_block":1,"minecraft:dark_oak_door":10,"minecraft:dark_oak_sapling":27,"minecraft:stick":17,"minecraft:dark_oak_slab":1146,"minecraft:pumpkin":1,"minecraft:torch":46,"minecraft:dandelion":1,"minecraft:carrot":4,"minecraft:dark_oak_log":529,"minecraft:spider_eye":1,"minecraft:dark_oak_planks":242,"minecraft:arrow":2,"minecraft:stone_sword":4,"minecraft:rotten_flesh":10,"minecraft:stone_shovel":3,"minecraft:stone_axe":34,"minecraft:birch_sign":1,"minecraft:pink_tulip":1,"minecraft:rooted_dirt":1,"minecraft:oak_sapling":2,"minecraft:snowball":123,"minecraft:white_wool":3,"minecraft:cobblestone":97,"minecraft:oxeye_daisy":1},"minecraft:mined":{"minecraft:dark_oak_planks":16,"minecraft:dark_oak_leaves":18,"minecraft:dark_oak_log":355,"minecraft:torch":1,"minecraft:grass_block":23,"minecraft:poppy":1,"minecraft:cobblestone":24,"minecraft:moss_block":1,"minecraft:oxeye_daisy":1,"minecraft:rooted_dirt":1,"minecraft:spore_blossom":1,"minecraft:dark_oak_slab":110,"minecraft:carrots":4,"minecraft:cobblestone_wall":13,"minecraft:dark_oak_door":2,"minecraft:pumpkin_stem":1,"minecraft:pumpkin":1,"minecraft:grass":4,"minecraft:oak_log":6,"minecraft:cobblestone_slab":28,"minecraft:oak_stairs":5,"minecraft:dirt":47,"minecraft:birch_wall_sign":1,"minecraft:pink_tulip":1,"minecraft:blue_orchid":1,"minecraft:white_wool":1,"minecraft:oak_leaves":9,"minecraft:fern":1},"minecraft:dropped":{"minecraft:stone_axe":3,"minecraft:moss_block":1,"minecraft:wheat_seeds":1,"minecraft:stone_sword":1,"minecraft:wheat":1,"minecraft:cobblestone":5,"minecraft:rotten_flesh":10,"minecraft:torch":3,"minecraft:snowball":5,"minecraft:stone_pickaxe":1},"minecraft:killed":{"thebeastinthedark:the_beast_flees":1,"decayingmobsbackport:eye":1,"minecraft:skeleton":1,"decayingmobsbackport:hunted_zombie":2,"minecraft:zombie":2},"minecraft:crafted":{"minecraft:pumpkin_seeds":4,"minecraft:stone_axe":8,"minecraft:air":0,"minecraft:dark_oak_door":3,"minecraft:dark_oak_slab":510,"minecraft:charcoal":6,"minecraft:stick":28,"minecraft:stone_pickaxe":2,"minecraft:oak_stairs":12,"minecraft:dark_oak_planks":196,"minecraft:torch":16}},"DataVersion":3120}