{"stats":{"minecraft:broken":{"minecraft:stone_axe":1},"minecraft:custom":{"minecraft:time_since_rest":15499,"minecraft:interact_with_furnace":1,"minecraft:sprint_one_cm":1538,"minecraft:walk_one_cm":213361,"minecraft:damage_taken":680,"minecraft:drop":12,"minecraft:damage_dealt":100,"minecraft:interact_with_crafting_table":4,"minecraft:fly_one_cm":717,"minecraft:open_chest":33,"minecraft:crouch_one_cm":26569,"minecraft:play_time":53588,"minecraft:deaths":2,"minecraft:sneak_time":8429,"minecraft:walk_under_water_one_cm":3886,"minecraft:jump":295,"minecraft:time_since_death":15467,"minecraft:walk_on_water_one_cm":5461,"minecraft:total_world_time":53588,"minecraft:fall_one_cm":7355},"minecraft:picked_up":{"minecraft:dark_oak_sapling":9,"minecraft:dark_oak_slab":30,"minecraft:torch":12,"minecraft:dandelion":1,"minecraft:oak_stairs":3,"minecraft:oak_log":6,"minecraft:dark_oak_log":193,"minecraft:dirt":55,"minecraft:dark_oak_planks":4,"minecraft:stone_shovel":1,"minecraft:blue_orchid":1,"minecraft:stone_axe":5,"minecraft:wheat_seeds":1,"minecraft:spore_blossom":1,"minecraft:birch_sign":1,"minecraft:pink_tulip":1,"minecraft:cobblestone_slab":5,"minecraft:poppy":1,"minecraft:rooted_dirt":1,"minecraft:moss_block":1,"minecraft:oak_sapling":2,"minecraft:snowball":23,"minecraft:cobblestone":58,"minecraft:oxeye_daisy":1},"minecraft:dropped":{"minecraft:stone_axe":1,"minecraft:moss_block":1,"minecraft:wheat_seeds":1,"minecraft:torch":3,"minecraft:cobblestone":5,"minecraft:stone_pickaxe":1},"minecraft:crafted":{"minecraft:dark_oak_slab":252,"minecraft:charcoal":6,"minecraft:stick":4,"minecraft:oak_stairs":12,"minecraft:dark_oak_planks":128,"minecraft:torch":16,"minecraft:air":0},"minecraft:killed_by":{"jacky:jacky":1},"minecraft:mined":{"minecraft:dark_oak_planks":2,"minecraft:spore_blossom":1,"minecraft:dark_oak_slab":7,"minecraft:dark_oak_leaves":15,"minecraft:dark_oak_log":198,"minecraft:grass":4,"minecraft:grass_block":23,"minecraft:oak_log":6,"minecraft:poppy":1,"minecraft:oak_stairs":4,"minecraft:dirt":47,"minecraft:birch_wall_sign":1,"minecraft:pink_tulip":1,"minecraft:cobblestone":12,"minecraft:blue_orchid":1,"minecraft:moss_block":1,"minecraft:oxeye_daisy":1,"minecraft:oak_leaves":9,"minecraft:rooted_dirt":1,"minecraft:fern":1},"minecraft:used":{"minecraft:dark_oak_planks":1,"minecraft:dark_oak_log":2,"minecraft:oak_stairs":8,"minecraft:stone_pickaxe":4,"minecraft:wooden_pickaxe":8,"minecraft:dark_oak_slab":109,"minecraft:stone_axe":222,"minecraft:torch":6,"minecraft:cobblestone":25,"minecraft:dirt":16,"minecraft:snowball":23,"minecraft:dark_oak_sapling":7}},"DataVersion":3120}