{"stats":{"minecraft:broken":{"minecraft:stone_pickaxe":1,"minecraft:stone_axe":3},"minecraft:killed_by":{"decayingmobsbackport:weeping_chaser":3,"man:managgresive":1,"sanitydim:sneaking_terror":3,"skinwalker_overhaul:skinwalker_overhaul":5,"mutantmonsters:mutant_skeleton":2,"minecraft:skeleton":1,"minecraft:zombie":2,"torture:torture":1,"jacky:jacky":4,"assimilator:assimilator":1,"mimicer:mimicer":1,"krampus:krampus":1},"minecraft:custom":{"minecraft:interact_with_furnace":1,"minecraft:mob_kills":9,"minecraft:interact_with_crafting_table":20,"minecraft:time_since_death":4566,"minecraft:climb_one_cm":884,"minecraft:time_since_rest":4598,"minecraft:sprint_one_cm":116864,"minecraft:damage_taken":8037,"minecraft:walk_one_cm":798694,"minecraft:drop":48,"minecraft:damage_dealt":2835,"minecraft:fly_one_cm":38979,"minecraft:player_kills":1,"minecraft:open_chest":119,"minecraft:crouch_one_cm":128154,"minecraft:play_time":185475,"minecraft:deaths":29,"minecraft:sneak_time":42313,"minecraft:walk_under_water_one_cm":5637,"minecraft:boat_one_cm":26800,"minecraft:jump":845,"minecraft:walk_on_water_one_cm":9799,"minecraft:total_world_time":185475,"minecraft:fall_one_cm":22242},"minecraft:used":{"minecraft:wheat_seeds":1,"minecraft:stone_pickaxe":80,"minecraft:ladder":7,"minecraft:wooden_pickaxe":8,"minecraft:cobblestone_slab":18,"minecraft:white_wool":1,"minecraft:torch":21,"minecraft:dirt":23,"minecraft:carrot":6,"minecraft:cobblestone_wall":15,"minecraft:snowball":112,"minecraft:pumpkin_seeds":4,"minecraft:dark_oak_door":5,"minecraft:dark_oak_planks":53,"minecraft:wooden_hoe":8,"minecraft:dark_oak_log":2,"minecraft:oak_stairs":9,"minecraft:dark_oak_slab":993,"minecraft:stone_axe":666,"minecraft:cobblestone":25,"minecraft:dark_oak_boat":4,"minecraft:dark_oak_sapling":23},"minecraft:picked_up":{"minecraft:fishing_rod":3,"minecraft:wheat":1,"minecraft:dark_oak_boat":4,"minecraft:oak_stairs":15,"minecraft:oak_log":6,"minecraft:cobblestone_wall":33,"minecraft:dirt":70,"minecraft:blue_orchid":1,"minecraft:apple":1,"minecraft:wheat_seeds":2,"minecraft:bucket":1,"minecraft:spore_blossom":1,"minecraft:stone_pickaxe":11,"decayingmobsbackport:eyeball":4,"minecraft:cobblestone_slab":81,"minecraft:poppy":1,"minecraft:moss_block":1,"minecraft:dark_oak_door":10,"minecraft:dark_oak_sapling":27,"minecraft:stick":17,"minecraft:dark_oak_slab":1674,"minecraft:pumpkin":1,"minecraft:torch":95,"minecraft:dandelion":1,"minecraft:sand":23,"minecraft:carrot":4,"minecraft:dark_oak_log":529,"minecraft:spider_eye":2,"minecraft:dark_oak_planks":328,"minecraft:arrow":3,"minecraft:stone_sword":4,"minecraft:rotten_flesh":10,"minecraft:stone_shovel":3,"minecraft:stone_axe":34,"minecraft:birch_sign":1,"minecraft:pink_tulip":1,"minecraft:rooted_dirt":1,"minecraft:oak_sapling":2,"minecraft:snowball":128,"minecraft:white_wool":3,"minecraft:cobblestone":144,"minecraft:oxeye_daisy":1},"minecraft:mined":{"minecraft:dark_oak_planks":18,"minecraft:farmland":2,"minecraft:dark_oak_leaves":18,"minecraft:dark_oak_log":355,"minecraft:torch":1,"minecraft:grass_block":23,"minecraft:poppy":1,"minecraft:cobblestone":30,"minecraft:moss_block":1,"minecraft:oxeye_daisy":1,"minecraft:rooted_dirt":1,"minecraft:spore_blossom":1,"minecraft:dark_oak_slab":196,"minecraft:carrots":4,"minecraft:cobblestone_wall":15,"minecraft:dark_oak_door":2,"minecraft:pumpkin_stem":1,"minecraft:pumpkin":1,"minecraft:grass":4,"minecraft:oak_log":6,"minecraft:cobblestone_slab":40,"minecraft:oak_stairs":6,"minecraft:sand":26,"minecraft:dirt":54,"minecraft:birch_wall_sign":1,"minecraft:pink_tulip":1,"minecraft:blue_orchid":1,"minecraft:white_wool":1,"minecraft:oak_leaves":9,"minecraft:fern":1},"minecraft:dropped":{"minecraft:stone_axe":3,"minecraft:moss_block":1,"minecraft:wheat_seeds":1,"minecraft:stone_sword":1,"minecraft:wheat":1,"minecraft:dark_oak_slab":432,"minecraft:cobblestone":47,"minecraft:rotten_flesh":10,"minecraft:dirt":6,"minecraft:torch":26,"minecraft:snowball":5,"minecraft:stone_pickaxe":2,"minecraft:dark_oak_planks":6},"minecraft:killed":{"minecraft:spider":1,"thebeastinthedark:the_beast_flees":1,"decayingmobsbackport:eye":1,"minecraft:skeleton":1,"decayingmobsbackport:hunted_zombie":2,"minecraft:zombie":2},"minecraft:crafted":{"minecraft:pumpkin_seeds":4,"minecraft:stone_axe":8,"minecraft:air":0,"minecraft:dark_oak_door":3,"minecraft:dark_oak_slab":858,"minecraft:charcoal":6,"minecraft:ladder":15,"minecraft:stick":64,"minecraft:stone_pickaxe":2,"minecraft:oak_stairs":12,"minecraft:dark_oak_planks":340,"minecraft:torch":16}},"DataVersion":3120}