{"stats":{"minecraft:broken":{"minecraft:stone_pickaxe":2,"minecraft:stone_axe":5,"minecraft:wooden_hoe":1},"minecraft:picked_up":{"minecraft:fishing_rod":3,"minecraft:wheat":19,"minecraft:oak_stairs":23,"minecraft:blue_orchid":1,"minecraft:beetroot":10,"minecraft:bucket":2,"decayingmobsbackport:eyeball":4,"minecraft:cobblestone_slab":295,"minecraft:poppy":1,"minecraft:melon_slice":14,"minecraft:chest":3,"minecraft:dark_oak_door":17,"minecraft:dark_oak_sapling":39,"minecraft:stick":29,"minecraft:torch":142,"minecraft:carrot":42,"minecraft:dark_oak_planks":654,"minecraft:rotten_flesh":12,"minecraft:stone_sword":8,"minecraft:arrow":6,"minecraft:stone_shovel":3,"minecraft:beetroot_seeds":26,"minecraft:pink_tulip":1,"minecraft:snowball":151,"minecraft:white_wool":3,"minecraft:cobblestone":289,"minecraft:oxeye_daisy":1,"minecraft:dark_oak_boat":4,"minecraft:oak_log":6,"minecraft:gunpowder":2,"minecraft:cobblestone_wall":209,"minecraft:dirt":134,"minecraft:bone":3,"minecraft:apple":2,"minecraft:wheat_seeds":67,"minecraft:spore_blossom":1,"minecraft:stone_pickaxe":20,"minecraft:bamboo":12,"minecraft:moss_block":1,"minecraft:stone_hoe":2,"minecraft:dark_oak_slab":3178,"minecraft:pumpkin":3,"minecraft:dandelion":1,"minecraft:sand":24,"minecraft:white_bed":2,"minecraft:dark_oak_log":538,"minecraft:spider_eye":2,"minecraft:pumpkin_seeds":5,"minecraft:stone_axe":45,"minecraft:birch_sign":1,"minecraft:rooted_dirt":1,"minecraft:oak_sapling":2,"minecraft:melon_seeds":2,"minecraft:ender_pearl":1},"minecraft:killed_by":{"decayingmobsbackport:weeping_chaser":3,"minecraft:player":1,"minecraft:spider":1,"minecraft:enderman":1,"jacky:jacky":7,"facelesssteve:facelesszombie":1,"mimicer:mimicer":2,"man:managgresive":1,"vivilly_dweller:vivilly_dweller":2,"sanitydim:sneaking_terror":3,"minecraft:piglin":1,"skinwalker_overhaul:skinwalker_overhaul":10,"mutantmonsters:mutant_skeleton":2,"minecraft:skeleton":1,"minecraft:witch":1,"minecraft:zombie":2,"torture:torture":2,"assimilator:assimilator":3,"krampus:krampus":2},"minecraft:crafted":{"minecraft:dark_oak_door":3,"minecraft:ladder":15,"minecraft:stone_pickaxe":2,"minecraft:chest":2,"minecraft:dark_oak_planks":596,"minecraft:stone_hoe":2,"minecraft:pumpkin_seeds":4,"minecraft:stone_axe":13,"minecraft:air":0,"minecraft:dark_oak_slab":1524,"minecraft:charcoal":6,"minecraft:stick":72,"minecraft:oak_stairs":12,"minecraft:torch":40},"minecraft:killed":{"minecraft:spider":1,"thebeastinthedark:the_beast_flees":1,"decayingmobsbackport:eye":1,"decayingmobsbackport:hunted_zombie":2,"minecraft:skeleton":1,"decayingmobsbackport:half_pig":7,"minecraft:zombie":2,"minecraft:enderman":1},"minecraft:used":{"minecraft:stone_sword":15,"minecraft:ladder":10,"minecraft:chest":2,"minecraft:stone_hoe":55,"minecraft:torch":40,"minecraft:dirt":107,"minecraft:cobblestone_wall":15,"minecraft:carrot":42,"minecraft:snowball":118,"minecraft:dark_oak_planks":61,"minecraft:oak_stairs":9,"minecraft:dark_oak_slab":1896,"minecraft:dark_oak_boat":4,"minecraft:beetroot_seeds":10,"minecraft:dark_oak_sapling":25,"minecraft:wheat_seeds":72,"minecraft:water_bucket":6,"minecraft:stone_pickaxe":282,"minecraft:wooden_pickaxe":8,"minecraft:cobblestone_slab":28,"minecraft:white_wool":1,"minecraft:white_bed":2,"minecraft:pumpkin_seeds":4,"minecraft:dark_oak_door":5,"minecraft:wooden_hoe":21,"minecraft:dark_oak_log":2,"minecraft:stone_axe":1088,"minecraft:cobblestone":39,"minecraft:bucket":6,"minecraft:ice":1},"minecraft:dropped":{"minecraft:moss_block":1,"minecraft:wheat_seeds":1,"minecraft:dark_oak_sapling":3,"minecraft:dark_oak_slab":894,"minecraft:cobblestone":65,"minecraft:apple":1,"minecraft:stick":11,"minecraft:dirt":6,"minecraft:dark_oak_log":7,"minecraft:torch":26,"minecraft:snowball":5,"minecraft:dark_oak_planks":6,"minecraft:bucket":2,"minecraft:stone_axe":5,"minecraft:stone_sword":1,"minecraft:wheat":1,"minecraft:rotten_flesh":10,"minecraft:stone_pickaxe":4},"minecraft:mined":{"minecraft:dark_oak_planks":63,"minecraft:white_bed":2,"minecraft:farmland":18,"minecraft:dark_oak_leaves":18,"minecraft:dark_oak_log":355,"minecraft:grass_block":23,"minecraft:moss_block":1,"minecraft:oxeye_daisy":1,"minecraft:rooted_dirt":1,"minecraft:spore_blossom":1,"minecraft:carrots":16,"minecraft:pumpkin":2,"minecraft:cobblestone_slab":138,"minecraft:oak_stairs":8,"minecraft:birch_wall_sign":1,"minecraft:pink_tulip":1,"minecraft:bamboo":1,"minecraft:blue_orchid":1,"minecraft:white_wool":1,"minecraft:melon_stem":1,"minecraft:torch":5,"minecraft:poppy":1,"minecraft:melon":1,"minecraft:chest":1,"minecraft:cobblestone":81,"minecraft:dark_oak_slab":548,"minecraft:cobblestone_wall":62,"minecraft:dark_oak_door":4,"minecraft:wheat":15,"minecraft:ice":8,"minecraft:pumpkin_stem":2,"minecraft:grass":4,"minecraft:oak_log":6,"minecraft:beetroots":8,"minecraft:sand":27,"minecraft:dirt":69,"minecraft:oak_leaves":9,"minecraft:fern":1},"minecraft:custom":{"minecraft:mob_kills":17,"minecraft:interact_with_crafting_table":30,"minecraft:leave_game":3,"minecraft:time_since_death":15968,"minecraft:climb_one_cm":24895,"minecraft:sprint_one_cm":263209,"minecraft:walk_one_cm":1404910,"minecraft:drop":81,"minecraft:play_time":373530,"minecraft:deaths":60,"minecraft:sneak_time":65266,"minecraft:walk_under_water_one_cm":9229,"minecraft:boat_one_cm":26800,"minecraft:jump":1540,"minecraft:walk_on_water_one_cm":28324,"minecraft:total_world_time":373530,"minecraft:interact_with_furnace":4,"minecraft:sleep_in_bed":2,"minecraft:time_since_rest":15995,"minecraft:damage_taken":17621,"minecraft:damage_dealt":4154,"minecraft:swim_one_cm":56,"minecraft:fly_one_cm":77850,"minecraft:player_kills":2,"minecraft:open_chest":260,"minecraft:crouch_one_cm":209254,"minecraft:fall_one_cm":57957}},"DataVersion":3120}