{"stats":{"minecraft:broken":{"minecraft:stone_axe":3,"minecraft:stone_shovel":6},"minecraft:custom":{"minecraft:interact_with_furnace":3,"minecraft:mob_kills":49,"minecraft:interact_with_crafting_table":64,"minecraft:leave_game":15,"minecraft:time_since_death":4643,"minecraft:time_since_rest":4670,"minecraft:sprint_one_cm":433840,"minecraft:damage_taken":17520,"minecraft:walk_one_cm":978879,"minecraft:drop":16,"minecraft:damage_dealt":11349,"minecraft:player_kills":1,"minecraft:swim_one_cm":282,"minecraft:open_chest":328,"minecraft:fly_one_cm":280090,"minecraft:play_time":251565,"minecraft:crouch_one_cm":105391,"minecraft:sneak_time":27472,"minecraft:deaths":56,"minecraft:walk_under_water_one_cm":64490,"minecraft:boat_one_cm":6438,"minecraft:jump":2113,"minecraft:walk_on_water_one_cm":16420,"minecraft:total_world_time":251565,"minecraft:fall_one_cm":85628},"minecraft:picked_up":{"rottencreatures:frozen_rotten_flesh":4,"minecraft:crafting_table":1,"minecraft:dark_oak_boat":10,"minecraft:wooden_pickaxe":4,"minecraft:oak_stairs":8,"minecraft:filled_map":1,"minecraft:oak_log":31,"minecraft:cobblestone_wall":5,"minecraft:gunpowder":17,"minecraft:string":12,"minecraft:dirt":39,"minecraft:moss_carpet":1,"minecraft:bone":12,"minecraft:beetroot":1,"minecraft:apple":8,"minecraft:stone_pickaxe":2,"decayingmobsbackport:eyeball":5,"minecraft:cobblestone_slab":200,"minecraft:melon_slice":7,"minecraft:moss_block":1,"minecraft:chest":1,"minecraft:stone_hoe":1,"minecraft:dark_oak_sapling":54,"minecraft:stick":58,"minecraft:dark_oak_slab":525,"minecraft:pumpkin":1,"minecraft:torch":12,"minecraft:sand":1,"minecraft:dark_oak_log":700,"minecraft:spider_eye":3,"minecraft:dark_oak_planks":71,"minecraft:stone_sword":14,"minecraft:cactus":2,"minecraft:arrow":5,"minecraft:stone_shovel":4,"minecraft:rotten_flesh":5,"minecraft:stone_axe":21,"minecraft:birch_sign":1,"minecraft:rooted_dirt":1,"minecraft:oak_sapling":24,"minecraft:snowball":1272,"minecraft:white_wool":2,"minecraft:cobblestone":215},"minecraft:dropped":{"minecraft:stone_axe":4,"minecraft:stone_sword":4,"minecraft:dark_oak_slab":125,"minecraft:stone_shovel":1,"minecraft:cobblestone":1,"minecraft:dirt":8,"minecraft:dark_oak_log":1,"minecraft:torch":8,"minecraft:wooden_pickaxe":1},"minecraft:crafted":{"minecraft:cobblestone_slab":102,"minecraft:stone_shovel":8,"minecraft:stone_axe":7,"minecraft:dark_oak_door":3,"minecraft:dark_oak_slab":1296,"minecraft:wooden_hoe":1,"minecraft:melon_seeds":2,"minecraft:stick":16,"minecraft:cobblestone_wall":48,"minecraft:stone_pickaxe":2,"minecraft:stone_sword":1,"minecraft:snow_block":37,"minecraft:chest":8,"minecraft:dark_oak_planks":1000,"minecraft:torch":24},"minecraft:killed_by":{"decayingmobsbackport:weeping_chaser":3,"man:managgresive":1,"decayingmobsbackport:distant_sobber":1,"skinwalker_overhaul:skinwalker_overhaul":6,"screaming_villager:screaming_sheep":1,"minecraft:player":3,"kevin_trophy:zombie_brute":1,"mutantmonsters:mutant_skeleton":1,"minecraft:skeleton":1,"minecraft:creeper":2,"minecraft:witch":1,"minecraft:zombie":2,"minecraft:enderman":2,"torture:torture":2,"jacky:jacky":3,"facelesssteve:facelesscreeper":1,"simon:simon_12":3,"assimilator:assimilator":3,"kim_dweller:kim_dweller":3,"decayingmobsbackport:limb_snatcher":1,"facelesssteve:facelesszombie":5,"rottencreatures:frostbitten":1,"krampus:krampus":2},"minecraft:mined":{"minecraft:dark_oak_planks":5,"minecraft:oak_sapling":2,"minecraft:dark_oak_leaves":18,"minecraft:dark_oak_log":623,"minecraft:crafting_table":1,"minecraft:torch":2,"minecraft:grass_block":9,"minecraft:melon":1,"minecraft:chest":1,"minecraft:cobblestone":131,"minecraft:moss_block":1,"minecraft:rooted_dirt":1,"minecraft:cactus":2,"minecraft:dark_oak_slab":62,"minecraft:cobblestone_wall":5,"minecraft:snow":987,"minecraft:pumpkin":1,"minecraft:cobblestone_slab":30,"minecraft:oak_log":31,"minecraft:sand":1,"minecraft:dirt":33,"minecraft:birch_wall_sign":1,"minecraft:oak_leaves":6},"minecraft:killed":{"minecraft:spider":6,"rottencreatures:frostbitten":4,"thebeastinthedark:the_beast_flees":2,"decayingmobsbackport:half_pig":6,"decayingmobsbackport:eye":2,"minecraft:creeper":5,"rottencreatures:glacial_hunter":1,"decayingmobsbackport:limb_snatcher":1,"decayingmobsbackport:hunted_zombie":6,"facelesssteve:facelesszombie":5,"minecraft:zombie":4,"screaming_villager:screaming_sheep":3,"kevin_trophy:spitter_zombie":1},"minecraft:used":{"minecraft:stone_sword":68,"minecraft:stone_shovel":998,"minecraft:stone_pickaxe":146,"minecraft:chest":9,"minecraft:wooden_pickaxe":34,"minecraft:cobblestone_slab":306,"minecraft:stone_hoe":12,"minecraft:rotten_flesh":1,"minecraft:torch":1,"minecraft:dirt":69,"minecraft:crafting_table":1,"minecraft:cobblestone_wall":48,"minecraft:carrot":1,"minecraft:snowball":316,"minecraft:pumpkin_seeds":2,"minecraft:dark_oak_door":2,"minecraft:dark_oak_planks":117,"minecraft:wooden_hoe":25,"minecraft:dark_oak_log":2,"minecraft:rooted_dirt":1,"minecraft:oak_stairs":3,"minecraft:dark_oak_slab":1096,"minecraft:melon_seeds":2,"minecraft:stone_axe":827,"minecraft:cobblestone":94,"minecraft:dark_oak_boat":4,"minecraft:oak_sapling":11,"minecraft:beetroot_seeds":2,"minecraft:dark_oak_sapling":55}},"DataVersion":3120}