{"stats":{"minecraft:killed":{"minecraft:salmon":17,"decayingmobsbackport:half_pig":1,"minecraft:sheep":2,"decayingmobsbackport:hunted_zombie":1,"minecraft:zombie":5},"minecraft:custom":{"minecraft:interact_with_furnace":12,"minecraft:mob_kills":27,"minecraft:interact_with_crafting_table":16,"minecraft:leave_game":3,"minecraft:time_since_death":1212,"minecraft:damage_resisted":70,"minecraft:time_since_rest":1246,"minecraft:sprint_one_cm":188834,"minecraft:damage_taken":9383,"minecraft:walk_one_cm":403121,"minecraft:drop":23,"minecraft:damage_dealt":4594,"minecraft:swim_one_cm":38467,"minecraft:fly_one_cm":222555,"minecraft:open_chest":56,"minecraft:crouch_one_cm":4170,"minecraft:play_time":116090,"minecraft:deaths":24,"minecraft:sneak_time":1768,"minecraft:walk_under_water_one_cm":24186,"minecraft:jump":1720,"minecraft:interact_with_blast_furnace":7,"minecraft:walk_on_water_one_cm":50576,"minecraft:total_world_time":116090,"minecraft:interact_with_smoker":10,"minecraft:fall_one_cm":60576},"minecraft:crafted":{"minecraft:oak_planks":52,"minecraft:crafting_table":2,"minecraft:wooden_pickaxe":1,"minecraft:furnace":3,"minecraft:cooked_salmon":10,"minecraft:cobblestone_stairs":28,"minecraft:stone_axe":1,"minecraft:cooked_mutton":3,"minecraft:air":0,"minecraft:stick":24,"minecraft:iron_ingot":14,"minecraft:iron_pickaxe":2,"minecraft:stone_pickaxe":3,"minecraft:gold_ingot":6,"minecraft:smoker":2},"minecraft:used":{"minecraft:cooked_mutton":4,"minecraft:cobblestone_stairs":28,"minecraft:stone_sword":3,"minecraft:stone_pickaxe":261,"minecraft:stone_shovel":25,"minecraft:poppy":1,"minecraft:chest":1,"minecraft:wooden_pickaxe":22,"minecraft:cooked_salmon":9,"minecraft:torch":16,"minecraft:mossy_cobblestone":1,"minecraft:dirt":10,"minecraft:crafting_table":2,"minecraft:azure_bluet":1,"minecraft:smoker":2,"minecraft:granite":17,"minecraft:oxeye_daisy":1,"create:crafting_blueprint":2,"minecraft:birch_sapling":1,"minecraft:iron_pickaxe":212,"minecraft:stone_axe":112,"minecraft:cobblestone":77,"minecraft:furnace":1},"minecraft:killed_by":{"decayingmobsbackport:weeping_chaser":2,"vivilly_dweller:vivilly_dweller":1,"sanitydim:sneaking_terror":1,"kevin_trophy:zombie_brute":1,"skinwalker_overhaul:skinwalker_overhaul":3,"minecraft:cave_spider":1,"mutantmonsters:mutant_skeleton":2,"minecraft:skeleton":2,"minecraft:creeper":1,"jacky:jacky":2,"assimilator:assimilator":2,"kim_dweller:kim_dweller":1,"mimicer:mimicer":2,"krampus:krampus":1,"rottencreatures:undead_miner":1},"minecraft:mined":{"create:zinc_ore":24,"minecraft:tuff":2,"minecraft:cobblestone_stairs":1,"minecraft:dandelion":2,"minecraft:granite":31,"minecraft:grass_block":16,"minecraft:poppy":1,"minecraft:copper_ore":10,"minecraft:cobblestone":6,"minecraft:deepslate_gold_ore":4,"minecraft:oxeye_daisy":1,"minecraft:diorite":2,"minecraft:wall_torch":2,"minecraft:redstone_ore":1,"minecraft:birch_log":21,"minecraft:iron_ore":35,"minecraft:birch_leaves":2,"minecraft:andesite":13,"minecraft:deepslate_lapis_ore":3,"minecraft:azure_bluet":1,"minecraft:grass":3,"minecraft:oak_log":28,"minecraft:pointed_dripstone":2,"minecraft:coal_ore":60,"minecraft:deepslate_iron_ore":9,"minecraft:gravel":4,"minecraft:dripstone_block":1,"minecraft:dirt":36,"minecraft:stone":236,"minecraft:gold_ore":5,"minecraft:oak_leaves":11,"minecraft:deepslate":17},"minecraft:picked_up":{"minecraft:birch_log":21,"minecraft:glow_ink_sac":2,"minecraft:leather_chestplate":3,"minecraft:azure_bluet":1,"minecraft:andesite":12,"minecraft:salmon":17,"marbledsarsenal:baseball_bat":3,"minecraft:tuff":5,"create:raw_zinc":40,"minecraft:oak_log":26,"minecraft:cobblestone_stairs":1,"minecraft:dirt":56,"minecraft:string":5,"minecraft:raw_copper":76,"minecraft:cooked_salmon":8,"minecraft:leather_boots":2,"minecraft:cobbled_deepslate":59,"minecraft:raw_gold":8,"minecraft:bucket":1,"minecraft:stone_pickaxe":3,"minecraft:stone_hoe":1,"minecraft:poppy":1,"minecraft:iron_pickaxe":8,"minecraft:birch_sapling":1,"minecraft:chest":1,"minecraft:oak_planks":58,"minecraft:stick":4,"minecraft:raw_iron":46,"minecraft:torch":21,"minecraft:dandelion":1,"minecraft:dripstone_block":3,"minecraft:gravel":4,"minecraft:pointed_dripstone":4,"minecraft:diorite":4,"minecraft:redstone":5,"minecraft:mossy_cobblestone":1,"minecraft:stone_sword":1,"minecraft:rotten_flesh":8,"minecraft:stone_shovel":3,"minecraft:stone_axe":9,"minecraft:granite":51,"minecraft:bone_meal":3,"create:crafting_blueprint":2,"minecraft:mutton":3,"minecraft:coal":122,"minecraft:white_wool":2,"minecraft:cobblestone":339,"minecraft:oxeye_daisy":1},"minecraft:broken":{"minecraft:stone_pickaxe":1,"minecraft:leather_boots":1},"minecraft:dropped":{"minecraft:stone_hoe":1,"minecraft:stone_axe":1,"minecraft:cobbled_deepslate":1,"minecraft:glow_ink_sac":1,"minecraft:raw_copper":38,"minecraft:raw_iron":9,"minecraft:pointed_dripstone":2,"minecraft:stone_shovel":1,"minecraft:cobblestone":13,"minecraft:granite":3,"minecraft:dirt":11,"minecraft:andesite":12,"marbledsarsenal:baseball_bat":1,"minecraft:white_wool":2,"create:raw_zinc":24}},"DataVersion":3120}