{"stats":{"minecraft:killed":{"minecraft:salmon":17,"decayingmobsbackport:half_pig":1,"minecraft:sheep":2,"decayingmobsbackport:hunted_zombie":1},"minecraft:custom":{"minecraft:interact_with_furnace":4,"minecraft:mob_kills":22,"minecraft:interact_with_crafting_table":13,"minecraft:leave_game":2,"minecraft:time_since_death":3205,"minecraft:time_since_rest":3247,"minecraft:sprint_one_cm":112218,"minecraft:damage_taken":3692,"minecraft:walk_one_cm":277570,"minecraft:drop":12,"minecraft:damage_dealt":3223,"minecraft:swim_one_cm":32012,"minecraft:fly_one_cm":129583,"minecraft:open_chest":33,"minecraft:crouch_one_cm":2769,"minecraft:play_time":81391,"minecraft:deaths":11,"minecraft:sneak_time":1234,"minecraft:walk_under_water_one_cm":16025,"minecraft:jump":1145,"minecraft:walk_on_water_one_cm":18099,"minecraft:interact_with_smoker":5,"minecraft:total_world_time":81391,"minecraft:fall_one_cm":31551},"minecraft:crafted":{"minecraft:oak_planks":52,"minecraft:crafting_table":2,"minecraft:wooden_pickaxe":1,"minecraft:furnace":3,"minecraft:cooked_salmon":10,"minecraft:stone_axe":1,"minecraft:cooked_mutton":3,"minecraft:air":0,"minecraft:stick":20,"minecraft:iron_pickaxe":1,"minecraft:stone_pickaxe":3,"minecraft:smoker":2},"minecraft:used":{"minecraft:cooked_mutton":4,"minecraft:stone_sword":3,"minecraft:stone_shovel":25,"minecraft:stone_pickaxe":261,"minecraft:poppy":1,"minecraft:chest":1,"minecraft:wooden_pickaxe":22,"minecraft:cooked_salmon":2,"minecraft:torch":12,"minecraft:mossy_cobblestone":1,"minecraft:dirt":10,"minecraft:crafting_table":2,"minecraft:granite":2,"minecraft:azure_bluet":1,"minecraft:smoker":2,"minecraft:oxeye_daisy":1,"create:crafting_blueprint":2,"minecraft:iron_pickaxe":115,"minecraft:stone_axe":69,"minecraft:cobblestone":77,"minecraft:furnace":1},"minecraft:killed_by":{"decayingmobsbackport:weeping_chaser":1,"vivilly_dweller:vivilly_dweller":1,"sanitydim:sneaking_terror":1,"skinwalker_overhaul:skinwalker_overhaul":2,"kevin_trophy:zombie_brute":1,"mutantmonsters:mutant_skeleton":2,"jacky:jacky":1,"assimilator:assimilator":1,"kim_dweller:kim_dweller":1},"minecraft:mined":{"create:zinc_ore":8,"minecraft:dandelion":2,"minecraft:granite":26,"minecraft:grass_block":16,"minecraft:poppy":1,"minecraft:copper_ore":10,"minecraft:cobblestone":6,"minecraft:diorite":2,"minecraft:wall_torch":1,"minecraft:oxeye_daisy":1,"minecraft:iron_ore":16,"minecraft:andesite":13,"minecraft:azure_bluet":1,"minecraft:grass":2,"minecraft:pointed_dripstone":2,"minecraft:oak_log":28,"minecraft:coal_ore":60,"minecraft:gravel":4,"minecraft:dirt":36,"minecraft:stone":229,"minecraft:oak_leaves":11},"minecraft:picked_up":{"minecraft:azure_bluet":1,"minecraft:andesite":12,"minecraft:salmon":17,"create:raw_zinc":8,"minecraft:tuff":2,"marbledsarsenal:baseball_bat":3,"minecraft:oak_log":26,"minecraft:string":1,"minecraft:dirt":52,"minecraft:raw_copper":76,"minecraft:stone_pickaxe":3,"minecraft:poppy":1,"minecraft:iron_pickaxe":1,"minecraft:chest":1,"minecraft:oak_planks":58,"minecraft:stick":4,"minecraft:raw_iron":19,"minecraft:torch":8,"minecraft:dandelion":1,"minecraft:gravel":4,"minecraft:pointed_dripstone":3,"minecraft:diorite":4,"minecraft:mossy_cobblestone":1,"minecraft:stone_sword":1,"minecraft:stone_shovel":1,"minecraft:stone_axe":5,"minecraft:granite":42,"minecraft:bone_meal":3,"create:crafting_blueprint":2,"minecraft:mutton":3,"minecraft:coal":75,"minecraft:cobblestone":315,"minecraft:white_wool":2,"minecraft:oxeye_daisy":1},"minecraft:broken":{"minecraft:stone_pickaxe":1},"minecraft:dropped":{"minecraft:stone_axe":1,"minecraft:cobblestone":7,"minecraft:dirt":11,"marbledsarsenal:baseball_bat":1,"minecraft:white_wool":2,"create:raw_zinc":8}},"DataVersion":3120}