{"stats":{"minecraft:killed":{"minecraft:salmon":17,"decayingmobsbackport:half_pig":1,"minecraft:sheep":2,"decayingmobsbackport:hunted_zombie":1},"minecraft:custom":{"minecraft:interact_with_furnace":10,"minecraft:mob_kills":22,"minecraft:interact_with_crafting_table":15,"minecraft:leave_game":3,"minecraft:time_since_death":1584,"minecraft:time_since_rest":1624,"minecraft:sprint_one_cm":120986,"minecraft:damage_taken":4372,"minecraft:walk_one_cm":314258,"minecraft:drop":16,"minecraft:damage_dealt":3243,"minecraft:swim_one_cm":38467,"minecraft:fly_one_cm":136371,"minecraft:open_chest":45,"minecraft:crouch_one_cm":4170,"minecraft:play_time":92090,"minecraft:deaths":12,"minecraft:sneak_time":1613,"minecraft:walk_under_water_one_cm":17821,"minecraft:jump":1253,"minecraft:interact_with_blast_furnace":6,"minecraft:walk_on_water_one_cm":22030,"minecraft:total_world_time":92090,"minecraft:interact_with_smoker":10,"minecraft:fall_one_cm":37375},"minecraft:crafted":{"minecraft:oak_planks":52,"minecraft:crafting_table":2,"minecraft:wooden_pickaxe":1,"minecraft:furnace":3,"minecraft:cooked_salmon":10,"minecraft:cobblestone_stairs":28,"minecraft:stone_axe":1,"minecraft:cooked_mutton":3,"minecraft:air":0,"minecraft:stick":20,"minecraft:iron_ingot":14,"minecraft:iron_pickaxe":1,"minecraft:stone_pickaxe":3,"minecraft:smoker":2},"minecraft:used":{"minecraft:cooked_mutton":4,"minecraft:cobblestone_stairs":28,"minecraft:stone_sword":3,"minecraft:stone_pickaxe":261,"minecraft:stone_shovel":25,"minecraft:poppy":1,"minecraft:chest":1,"minecraft:wooden_pickaxe":22,"minecraft:cooked_salmon":7,"minecraft:torch":13,"minecraft:mossy_cobblestone":1,"minecraft:dirt":10,"minecraft:crafting_table":2,"minecraft:azure_bluet":1,"minecraft:smoker":2,"minecraft:granite":17,"minecraft:oxeye_daisy":1,"create:crafting_blueprint":2,"minecraft:birch_sapling":1,"minecraft:iron_pickaxe":142,"minecraft:stone_axe":85,"minecraft:cobblestone":77,"minecraft:furnace":1},"minecraft:killed_by":{"decayingmobsbackport:weeping_chaser":1,"vivilly_dweller:vivilly_dweller":1,"sanitydim:sneaking_terror":1,"kevin_trophy:zombie_brute":1,"skinwalker_overhaul:skinwalker_overhaul":2,"mutantmonsters:mutant_skeleton":2,"jacky:jacky":2,"assimilator:assimilator":1,"kim_dweller:kim_dweller":1},"minecraft:mined":{"create:zinc_ore":8,"minecraft:tuff":1,"minecraft:cobblestone_stairs":1,"minecraft:dandelion":2,"minecraft:granite":28,"minecraft:grass_block":16,"minecraft:poppy":1,"minecraft:copper_ore":10,"minecraft:cobblestone":6,"minecraft:deepslate_gold_ore":2,"minecraft:oxeye_daisy":1,"minecraft:diorite":2,"minecraft:wall_torch":2,"minecraft:birch_log":15,"minecraft:iron_ore":24,"minecraft:birch_leaves":1,"minecraft:andesite":13,"minecraft:azure_bluet":1,"minecraft:grass":2,"minecraft:oak_log":28,"minecraft:pointed_dripstone":2,"minecraft:coal_ore":60,"minecraft:deepslate_iron_ore":5,"minecraft:gravel":4,"minecraft:dirt":36,"minecraft:stone":229,"minecraft:gold_ore":3,"minecraft:oak_leaves":11,"minecraft:deepslate":3},"minecraft:picked_up":{"minecraft:birch_log":15,"minecraft:azure_bluet":1,"minecraft:andesite":12,"minecraft:salmon":17,"marbledsarsenal:baseball_bat":3,"minecraft:tuff":3,"create:raw_zinc":8,"minecraft:oak_log":26,"minecraft:cobblestone_stairs":1,"minecraft:dirt":52,"minecraft:string":1,"minecraft:raw_copper":76,"minecraft:cooked_salmon":3,"minecraft:cobbled_deepslate":3,"minecraft:raw_gold":5,"minecraft:bucket":1,"minecraft:stone_pickaxe":3,"minecraft:poppy":1,"minecraft:iron_pickaxe":1,"minecraft:birch_sapling":1,"minecraft:chest":1,"minecraft:oak_planks":58,"minecraft:stick":4,"minecraft:raw_iron":32,"minecraft:torch":9,"minecraft:dandelion":1,"minecraft:gravel":4,"minecraft:pointed_dripstone":3,"minecraft:diorite":4,"minecraft:mossy_cobblestone":1,"minecraft:stone_sword":1,"minecraft:stone_shovel":1,"minecraft:stone_axe":6,"minecraft:granite":45,"minecraft:bone_meal":3,"create:crafting_blueprint":2,"minecraft:mutton":3,"minecraft:coal":122,"minecraft:white_wool":2,"minecraft:cobblestone":315,"minecraft:oxeye_daisy":1},"minecraft:broken":{"minecraft:stone_pickaxe":1},"minecraft:dropped":{"minecraft:stone_axe":1,"minecraft:raw_copper":38,"minecraft:raw_iron":9,"minecraft:pointed_dripstone":2,"minecraft:cobblestone":7,"minecraft:dirt":11,"minecraft:andesite":12,"marbledsarsenal:baseball_bat":1,"minecraft:white_wool":2,"create:raw_zinc":8}},"DataVersion":3120}