{"stats":{"minecraft:custom":{"minecraft:time_since_rest":282,"minecraft:walk_one_cm":25690,"minecraft:play_time":5155,"minecraft:sprint_one_cm":14069,"minecraft:damage_taken":820,"minecraft:deaths":3,"minecraft:walk_under_water_one_cm":163,"minecraft:jump":120,"minecraft:damage_dealt":4,"minecraft:time_since_death":250,"minecraft:walk_on_water_one_cm":1008,"minecraft:total_world_time":5155,"minecraft:interact_with_crafting_table":1,"minecraft:fall_one_cm":3854,"minecraft:fly_one_cm":15160},"minecraft:crafted":{"minecraft:oak_planks":16,"minecraft:crafting_table":1,"minecraft:stick":4},"minecraft:used":{"minecraft:crafting_table":1},"minecraft:mined":{"minecraft:grass_block":2,"minecraft:oak_log":4,"minecraft:oak_leaves":7},"minecraft:killed_by":{"decayingmobsbackport:weeping_chaser":1,"mutantmonsters:mutant_skeleton":2},"minecraft:picked_up":{"minecraft:tuff":1,"minecraft:oak_log":4,"minecraft:dirt":10}},"DataVersion":3120}