{"stats":{"minecraft:killed":{"minecraft:salmon":17,"decayingmobsbackport:half_pig":1,"minecraft:sheep":2,"decayingmobsbackport:hunted_zombie":1,"minecraft:zombie":5},"minecraft:custom":{"minecraft:interact_with_furnace":13,"minecraft:mob_kills":27,"minecraft:interact_with_crafting_table":17,"minecraft:leave_game":4,"minecraft:time_since_death":0,"minecraft:damage_resisted":70,"minecraft:time_since_rest":38,"minecraft:sprint_one_cm":220522,"minecraft:damage_taken":10477,"minecraft:walk_one_cm":443542,"minecraft:drop":26,"minecraft:damage_dealt":4734,"minecraft:swim_one_cm":38467,"minecraft:fly_one_cm":254378,"minecraft:open_chest":63,"minecraft:play_time":127624,"minecraft:crouch_one_cm":4170,"minecraft:deaths":28,"minecraft:sneak_time":1768,"minecraft:walk_under_water_one_cm":24696,"minecraft:jump":1879,"minecraft:interact_with_blast_furnace":9,"minecraft:fish_caught":1,"minecraft:walk_on_water_one_cm":54152,"minecraft:total_world_time":127624,"minecraft:interact_with_smoker":10,"minecraft:fall_one_cm":69086},"minecraft:crafted":{"minecraft:oak_planks":52,"minecraft:fishing_rod":1,"minecraft:crafting_table":2,"minecraft:wooden_pickaxe":1,"minecraft:furnace":3,"minecraft:cooked_salmon":10,"minecraft:cobblestone_stairs":28,"minecraft:stone_axe":1,"minecraft:cooked_mutton":3,"minecraft:air":0,"minecraft:stick":28,"minecraft:iron_ingot":14,"minecraft:stone_pickaxe":3,"minecraft:iron_pickaxe":2,"minecraft:gold_ingot":6,"minecraft:torch":12,"minecraft:smoker":2},"minecraft:used":{"minecraft:cooked_mutton":4,"minecraft:cobblestone_stairs":28,"minecraft:stone_sword":3,"minecraft:stone_pickaxe":261,"minecraft:stone_shovel":25,"minecraft:poppy":1,"minecraft:chest":1,"minecraft:wooden_pickaxe":22,"minecraft:cooked_salmon":10,"minecraft:torch":28,"minecraft:mossy_cobblestone":1,"minecraft:dirt":12,"minecraft:crafting_table":2,"minecraft:azure_bluet":1,"minecraft:smoker":2,"minecraft:granite":17,"minecraft:oxeye_daisy":1,"create:crafting_blueprint":2,"minecraft:birch_sapling":1,"minecraft:iron_pickaxe":262,"minecraft:fishing_rod":7,"minecraft:stone_axe":112,"minecraft:cobblestone":77,"minecraft:furnace":1,"minecraft:cobbled_deepslate":2},"minecraft:killed_by":{"decayingmobsbackport:weeping_chaser":4,"vivilly_dweller:vivilly_dweller":1,"sanitydim:sneaking_terror":1,"kevin_trophy:zombie_brute":1,"skinwalker_overhaul:skinwalker_overhaul":3,"minecraft:cave_spider":2,"mutantmonsters:mutant_skeleton":2,"minecraft:skeleton":3,"minecraft:creeper":1,"jacky:jacky":2,"assimilator:assimilator":2,"kim_dweller:kim_dweller":1,"mimicer:mimicer":2,"rottencreatures:undead_miner":1,"krampus:krampus":1},"minecraft:mined":{"create:zinc_ore":26,"create:deepslate_zinc_ore":8,"minecraft:tuff":2,"minecraft:deepslate_diamond_ore":2,"minecraft:cobblestone_stairs":1,"minecraft:dandelion":2,"minecraft:granite":31,"minecraft:grass_block":16,"minecraft:poppy":1,"minecraft:copper_ore":10,"minecraft:cobblestone":6,"minecraft:deepslate_gold_ore":13,"minecraft:oxeye_daisy":1,"minecraft:wall_torch":2,"minecraft:diorite":2,"minecraft:redstone_ore":1,"minecraft:birch_log":21,"minecraft:iron_ore":39,"minecraft:birch_leaves":2,"minecraft:andesite":13,"minecraft:deepslate_lapis_ore":3,"minecraft:azure_bluet":1,"minecraft:grass":3,"minecraft:coal_ore":60,"minecraft:pointed_dripstone":2,"minecraft:oak_log":28,"minecraft:deepslate_iron_ore":11,"minecraft:gravel":4,"minecraft:dripstone_block":1,"minecraft:dirt":36,"minecraft:stone":237,"minecraft:gold_ore":5,"minecraft:oak_leaves":11,"minecraft:deepslate":30},"minecraft:picked_up":{"minecraft:birch_log":21,"minecraft:leather_chestplate":3,"minecraft:azure_bluet":1,"minecraft:andesite":12,"minecraft:glow_ink_sac":4,"minecraft:salmon":17,"minecraft:oak_log":26,"minecraft:tuff":5,"create:raw_zinc":50,"marbledsarsenal:baseball_bat":3,"minecraft:cobblestone_stairs":1,"minecraft:string":7,"minecraft:dirt":56,"minecraft:raw_copper":76,"minecraft:cooked_salmon":8,"minecraft:leather_boots":2,"minecraft:cobbled_deepslate":79,"minecraft:raw_gold":26,"minecraft:bucket":1,"minecraft:stone_pickaxe":3,"minecraft:poppy":1,"minecraft:iron_pickaxe":9,"minecraft:chest":1,"minecraft:stone_hoe":1,"minecraft:birch_sapling":1,"minecraft:oak_planks":58,"minecraft:stick":4,"minecraft:raw_iron":52,"minecraft:torch":22,"minecraft:dandelion":1,"minecraft:dripstone_block":3,"minecraft:gravel":4,"minecraft:pointed_dripstone":4,"minecraft:diorite":4,"minecraft:redstone":5,"minecraft:mossy_cobblestone":1,"minecraft:stone_sword":1,"minecraft:stone_shovel":3,"minecraft:rotten_flesh":8,"minecraft:diamond":2,"minecraft:stone_axe":9,"minecraft:granite":51,"minecraft:bone_meal":3,"create:crafting_blueprint":2,"minecraft:mutton":3,"minecraft:coal":122,"minecraft:white_wool":2,"minecraft:cobblestone":341,"minecraft:oxeye_daisy":1},"minecraft:broken":{"minecraft:stone_pickaxe":1,"minecraft:leather_boots":1},"minecraft:dropped":{"minecraft:stone_hoe":1,"minecraft:stone_axe":1,"minecraft:glow_ink_sac":1,"minecraft:cobbled_deepslate":2,"minecraft:raw_copper":38,"minecraft:raw_iron":9,"minecraft:pointed_dripstone":2,"minecraft:stone_shovel":2,"minecraft:cobblestone":25,"minecraft:granite":3,"minecraft:dirt":11,"minecraft:andesite":12,"marbledsarsenal:baseball_bat":1,"minecraft:white_wool":2,"create:raw_zinc":24}},"DataVersion":3120}