{"stats":{"minecraft:killed":{"minecraft:spider":21,"thebeastinthedark:the_beast_flees":4,"minecraft:skeleton":12,"the_player:the_player":1,"kevin_trophy:spitter_zombie":1,"rottencreatures:undead_miner":1,"rottencreatures:frostbitten":6,"minecraft:creeper":21,"rottencreatures:glacial_hunter":1,"kevin_trophy:crawler_zombie":1,"minecraft:zombie":24,"minecraft:enderman":2},"minecraft:picked_up":{"minecraft:wooden_axe":1,"rottencreatures:frozen_rotten_flesh":6,"minecraft:crafting_table":3,"minecraft:ladder":13,"minecraft:brown_mushroom":1,"minecraft:wooden_pickaxe":5,"minecraft:oak_stairs":8,"minecraft:stone_brick_wall":16,"minecraft:stone_brick_stairs":7,"minecraft:string":36,"minecraft:moss_carpet":1,"minecraft:beetroot":1,"minecraft:bucket":1,"minecraft:cobblestone_slab":361,"minecraft:poppy":5,"minecraft:iron_pickaxe":1,"minecraft:melon_slice":7,"minecraft:chest":1,"minecraft:dark_oak_door":6,"create:polished_rose_quartz":1,"minecraft:dark_oak_sapling":125,"minecraft:stick":144,"minecraft:raw_iron":1,"minecraft:stone":131,"minecraft:torch":25,"minecraft:carrot":3,"minecraft:dark_oak_planks":1008,"minecraft:rotten_flesh":39,"minecraft:stone_sword":21,"minecraft:arrow":29,"minecraft:cactus":2,"minecraft:stone_shovel":5,"minecraft:snowball":1606,"minecraft:white_wool":11,"minecraft:cobblestone":1376,"minecraft:feather":6,"minecraft:dark_oak_boat":13,"minecraft:red_mushroom":1,"minecraft:filled_map":1,"minecraft:oak_log":31,"minecraft:cobblestone_wall":112,"minecraft:gunpowder":34,"minecraft:cobblestone_stairs":46,"minecraft:wooden_hoe":2,"minecraft:dirt":39,"minecraft:bone":39,"minecraft:apple":16,"minecraft:stone_bricks":156,"minecraft:stonecutter":1,"minecraft:stone_pickaxe":22,"minecraft:moss_block":1,"minecraft:stone_hoe":1,"minecraft:dark_oak_slab":1729,"minecraft:pumpkin":2,"minecraft:chiseled_stone_bricks":51,"create:cogwheel":1,"minecraft:quartz":1,"minecraft:sand":1,"minecraft:dark_oak_log":1259,"minecraft:spider_eye":11,"minecraft:pumpkin_seeds":2,"minecraft:stone_axe":42,"minecraft:crossbow":1,"minecraft:birch_sign":1,"minecraft:rooted_dirt":1,"minecraft:oak_sapling":24,"minecraft:coal":1,"minecraft:ender_pearl":1},"minecraft:crafted":{"minecraft:cobblestone_slab":156,"minecraft:stone_shovel":9,"minecraft:stone_brick_wall":15,"minecraft:stone":405,"minecraft:dark_oak_door":3,"minecraft:ladder":21,"minecraft:melon_seeds":2,"minecraft:stone_pickaxe":8,"minecraft:cobblestone_wall":48,"minecraft:chest":8,"minecraft:chiseled_stone_bricks":27,"minecraft:dark_oak_planks":1772,"minecraft:stone_bricks":1,"minecraft:golden_sword":4,"minecraft:stone_axe":16,"minecraft:air":0,"minecraft:stone_brick_stairs":7,"minecraft:dark_oak_slab":2106,"minecraft:wooden_hoe":1,"minecraft:gold_nugget":18,"minecraft:stick":84,"minecraft:wooden_axe":1,"minecraft:stone_sword":2,"minecraft:snow_block":37,"minecraft:stonecutter":1,"minecraft:torch":24},"minecraft:custom":{"minecraft:mob_kills":155,"minecraft:interact_with_crafting_table":107,"minecraft:leave_game":22,"minecraft:time_since_death":8117,"minecraft:climb_one_cm":39337,"minecraft:sprint_one_cm":1295743,"minecraft:walk_one_cm":2108917,"minecraft:drop":38,"minecraft:play_time":564482,"minecraft:sneak_time":47387,"minecraft:deaths":157,"minecraft:walk_under_water_one_cm":115770,"minecraft:boat_one_cm":7273,"minecraft:jump":6775,"minecraft:walk_on_water_one_cm":21684,"minecraft:total_world_time":564482,"minecraft:interact_with_furnace":29,"minecraft:interact_with_stonecutter":17,"minecraft:time_since_rest":8141,"minecraft:damage_taken":51383,"minecraft:damage_dealt":24473,"minecraft:player_kills":1,"minecraft:swim_one_cm":282,"minecraft:fly_one_cm":1102947,"minecraft:open_chest":698,"minecraft:crouch_one_cm":183971,"minecraft:fall_one_cm":321775},"minecraft:broken":{"minecraft:stone_sword":1,"minecraft:stone_pickaxe":2,"minecraft:golden_sword":2,"minecraft:stone_axe":7,"minecraft:stone_shovel":7},"minecraft:mined":{"minecraft:dark_oak_planks":32,"minecraft:oak_sapling":2,"minecraft:dark_oak_leaves":43,"minecraft:dark_oak_log":1110,"minecraft:grass_block":9,"minecraft:stone_brick_wall":4,"minecraft:moss_block":1,"minecraft:rooted_dirt":1,"minecraft:chiseled_stone_bricks":5,"minecraft:snow":1120,"minecraft:pumpkin":1,"minecraft:cobblestone_slab":46,"minecraft:birch_wall_sign":1,"minecraft:stone":1,"minecraft:crafting_table":3,"minecraft:torch":7,"minecraft:melon":1,"minecraft:chest":1,"minecraft:cobblestone":208,"minecraft:cactus":2,"minecraft:dark_oak_slab":84,"minecraft:cobblestone_wall":5,"minecraft:stone_brick_stairs":3,"minecraft:oak_log":31,"minecraft:sand":1,"minecraft:dirt":33,"minecraft:stonecutter":1,"minecraft:stone_bricks":21,"minecraft:oak_leaves":6},"minecraft:killed_by":{"minecraft:player":5,"kevin_trophy:zombie_brute":1,"minecraft:creeper":5,"minecraft:spider":2,"minecraft:enderman":2,"jacky:jacky":11,"simon:simon_12":3,"kevin_trophy:crawler_zombie":1,"man:managgresive":1,"vivilly_dweller:vivilly_dweller":1,"sanitydim:sneaking_terror":1,"skinwalker_overhaul:skinwalker_overhaul":16,"mutantmonsters:mutant_skeleton":1,"minecraft:skeleton":7,"minecraft:witch":1,"minecraft:zombie":4,"torture:torture":9,"thebeastinthedark:the_dark_beast":1,"assimilator:assimilator":13,"kim_dweller:kim_dweller":7,"rottencreatures:frostbitten":1,"rottencreatures:undead_miner":5,"krampus:krampus":8},"minecraft:used":{"minecraft:stone_sword":97,"minecraft:stone_shovel":1132,"minecraft:ladder":20,"minecraft:chest":9,"minecraft:stone":1,"minecraft:stone_hoe":12,"minecraft:rotten_flesh":1,"minecraft:torch":9,"minecraft:dirt":69,"minecraft:cobblestone_wall":52,"minecraft:carrot":1,"minecraft:snowball":507,"minecraft:dark_oak_planks":569,"minecraft:oak_stairs":3,"minecraft:rooted_dirt":1,"minecraft:dark_oak_slab":1663,"minecraft:melon_seeds":2,"minecraft:stone_brick_stairs":28,"minecraft:stone_bricks":285,"minecraft:golden_sword":30,"minecraft:dark_oak_boat":7,"minecraft:oak_sapling":11,"minecraft:beetroot_seeds":2,"minecraft:dark_oak_sapling":102,"minecraft:stone_pickaxe":289,"minecraft:wooden_pickaxe":41,"minecraft:cobblestone_slab":363,"minecraft:stonecutter":2,"minecraft:crafting_table":3,"minecraft:crossbow":1,"minecraft:stone_brick_wall":18,"minecraft:pumpkin_seeds":2,"minecraft:dark_oak_door":2,"minecraft:wooden_hoe":29,"minecraft:dark_oak_log":3,"minecraft:bread":2,"minecraft:stone_axe":1502,"minecraft:chiseled_stone_bricks":24,"minecraft:cobblestone":680},"minecraft:dropped":{"minecraft:dark_oak_slab":144,"minecraft:cobblestone":12,"create:cogwheel":1,"minecraft:dirt":8,"minecraft:dark_oak_log":39,"minecraft:torch":9,"minecraft:dark_oak_planks":94,"minecraft:white_wool":1,"minecraft:bone":1,"minecraft:stone_axe":4,"minecraft:stone_sword":7,"minecraft:cobblestone_wall":29,"minecraft:stone_shovel":1,"minecraft:carrot":2,"minecraft:cobblestone_slab":128,"minecraft:stone_bricks":1,"minecraft:wooden_pickaxe":1,"minecraft:arrow":14,"minecraft:stone_pickaxe":1}},"DataVersion":3120}