{"stats":{"minecraft:broken":{"minecraft:stone_sword":1,"minecraft:stone_axe":3,"minecraft:stone_shovel":6},"minecraft:killed_by":{"decayingmobsbackport:weeping_chaser":4,"man:managgresive":1,"decayingmobsbackport:distant_sobber":1,"skinwalker_overhaul:skinwalker_overhaul":7,"screaming_villager:screaming_sheep":1,"minecraft:player":3,"kevin_trophy:zombie_brute":1,"mutantmonsters:mutant_skeleton":1,"minecraft:skeleton":1,"minecraft:creeper":5,"minecraft:spider":1,"minecraft:witch":1,"minecraft:zombie":2,"minecraft:enderman":2,"torture:torture":2,"jacky:jacky":4,"facelesssteve:facelesscreeper":1,"simon:simon_12":3,"assimilator:assimilator":4,"kim_dweller:kim_dweller":3,"decayingmobsbackport:limb_snatcher":1,"facelesssteve:facelesszombie":5,"rottencreatures:frostbitten":1,"krampus:krampus":2},"minecraft:used":{"minecraft:stone_sword":73,"minecraft:stone_shovel":998,"minecraft:stone_pickaxe":146,"minecraft:chest":9,"minecraft:wooden_pickaxe":38,"minecraft:cobblestone_slab":306,"minecraft:stone_hoe":12,"minecraft:rotten_flesh":1,"minecraft:torch":1,"minecraft:dirt":69,"minecraft:crafting_table":2,"minecraft:cobblestone_wall":48,"minecraft:carrot":1,"minecraft:snowball":352,"minecraft:pumpkin_seeds":2,"minecraft:dark_oak_door":2,"minecraft:dark_oak_planks":117,"minecraft:wooden_hoe":25,"minecraft:dark_oak_log":2,"minecraft:rooted_dirt":1,"minecraft:oak_stairs":3,"minecraft:dark_oak_slab":1263,"minecraft:melon_seeds":2,"minecraft:stone_axe":841,"minecraft:cobblestone":94,"minecraft:dark_oak_boat":4,"minecraft:oak_sapling":11,"minecraft:beetroot_seeds":2,"minecraft:dark_oak_sapling":55},"minecraft:custom":{"minecraft:interact_with_furnace":3,"minecraft:mob_kills":55,"minecraft:interact_with_crafting_table":71,"minecraft:leave_game":15,"minecraft:time_since_death":3541,"minecraft:time_since_rest":3565,"minecraft:sprint_one_cm":477684,"minecraft:damage_taken":20936,"minecraft:walk_one_cm":1098166,"minecraft:drop":20,"minecraft:damage_dealt":12608,"minecraft:player_kills":1,"minecraft:swim_one_cm":282,"minecraft:open_chest":367,"minecraft:fly_one_cm":330555,"minecraft:play_time":273745,"minecraft:crouch_one_cm":105504,"minecraft:sneak_time":27589,"minecraft:deaths":65,"minecraft:walk_under_water_one_cm":64490,"minecraft:boat_one_cm":6438,"minecraft:jump":2473,"minecraft:walk_on_water_one_cm":16420,"minecraft:total_world_time":273745,"minecraft:fall_one_cm":105335},"minecraft:picked_up":{"minecraft:wooden_axe":1,"rottencreatures:frozen_rotten_flesh":4,"minecraft:crafting_table":2,"minecraft:dark_oak_boat":10,"minecraft:wooden_pickaxe":5,"minecraft:oak_stairs":8,"minecraft:filled_map":1,"minecraft:oak_log":31,"minecraft:cobblestone_wall":10,"minecraft:gunpowder":17,"minecraft:string":12,"minecraft:dirt":39,"minecraft:moss_carpet":1,"minecraft:bone":12,"minecraft:beetroot":1,"minecraft:apple":8,"minecraft:bucket":1,"minecraft:stone_pickaxe":4,"decayingmobsbackport:eyeball":5,"minecraft:cobblestone_slab":202,"minecraft:melon_slice":7,"minecraft:moss_block":1,"minecraft:chest":1,"minecraft:stone_hoe":1,"minecraft:dark_oak_sapling":54,"minecraft:stick":60,"minecraft:dark_oak_slab":789,"minecraft:pumpkin":1,"minecraft:torch":14,"minecraft:sand":1,"minecraft:dark_oak_log":700,"minecraft:spider_eye":3,"minecraft:dark_oak_planks":250,"minecraft:stone_sword":14,"minecraft:cactus":2,"minecraft:arrow":8,"minecraft:stone_shovel":4,"minecraft:rotten_flesh":5,"minecraft:stone_axe":23,"minecraft:birch_sign":1,"minecraft:rooted_dirt":1,"minecraft:oak_sapling":24,"minecraft:snowball":1275,"minecraft:white_wool":3,"minecraft:cobblestone":238},"minecraft:mined":{"minecraft:dark_oak_planks":5,"minecraft:oak_sapling":2,"minecraft:dark_oak_leaves":18,"minecraft:dark_oak_log":623,"minecraft:crafting_table":2,"minecraft:torch":2,"minecraft:grass_block":9,"minecraft:melon":1,"minecraft:chest":1,"minecraft:cobblestone":131,"minecraft:moss_block":1,"minecraft:rooted_dirt":1,"minecraft:cactus":2,"minecraft:dark_oak_slab":66,"minecraft:cobblestone_wall":5,"minecraft:snow":987,"minecraft:pumpkin":1,"minecraft:cobblestone_slab":30,"minecraft:oak_log":31,"minecraft:sand":1,"minecraft:dirt":33,"minecraft:birch_wall_sign":1,"minecraft:oak_leaves":6},"minecraft:dropped":{"minecraft:stone_axe":4,"minecraft:stone_sword":4,"minecraft:dark_oak_slab":125,"minecraft:stone_shovel":1,"minecraft:cobblestone":11,"minecraft:dirt":8,"minecraft:dark_oak_log":1,"minecraft:torch":9,"minecraft:stone_pickaxe":1,"minecraft:wooden_pickaxe":1,"minecraft:white_wool":1},"minecraft:killed":{"minecraft:spider":7,"rottencreatures:frostbitten":5,"thebeastinthedark:the_beast_flees":2,"decayingmobsbackport:half_pig":6,"decayingmobsbackport:eye":2,"minecraft:creeper":5,"rottencreatures:glacial_hunter":1,"decayingmobsbackport:limb_snatcher":1,"minecraft:skeleton":1,"decayingmobsbackport:hunted_zombie":6,"facelesssteve:facelesszombie":5,"minecraft:zombie":4,"screaming_villager:screaming_sheep":3,"kevin_trophy:spitter_zombie":1},"minecraft:crafted":{"minecraft:cobblestone_slab":102,"minecraft:stone_shovel":8,"minecraft:stone_axe":8,"minecraft:dark_oak_door":3,"minecraft:dark_oak_slab":1458,"minecraft:wooden_hoe":1,"minecraft:wooden_axe":1,"minecraft:melon_seeds":2,"minecraft:stick":24,"minecraft:cobblestone_wall":48,"minecraft:stone_pickaxe":3,"minecraft:stone_sword":2,"minecraft:snow_block":37,"minecraft:chest":8,"minecraft:dark_oak_planks":1128,"minecraft:torch":24}},"DataVersion":3120}