{"stats":{"minecraft:killed":{"minecraft:salmon":17,"decayingmobsbackport:half_pig":1,"minecraft:sheep":2,"decayingmobsbackport:hunted_zombie":1},"minecraft:custom":{"minecraft:interact_with_furnace":4,"minecraft:mob_kills":22,"minecraft:interact_with_crafting_table":11,"minecraft:leave_game":2,"minecraft:time_since_death":2145,"minecraft:time_since_rest":2175,"minecraft:sprint_one_cm":110544,"minecraft:damage_taken":3466,"minecraft:walk_one_cm":237434,"minecraft:drop":5,"minecraft:damage_dealt":3223,"minecraft:swim_one_cm":32012,"minecraft:fly_one_cm":128696,"minecraft:open_chest":27,"minecraft:play_time":69391,"minecraft:deaths":10,"minecraft:sneak_time":173,"minecraft:walk_under_water_one_cm":16025,"minecraft:jump":1033,"minecraft:walk_on_water_one_cm":17850,"minecraft:interact_with_smoker":5,"minecraft:total_world_time":69391,"minecraft:fall_one_cm":30000},"minecraft:crafted":{"minecraft:oak_planks":52,"minecraft:crafting_table":2,"minecraft:wooden_pickaxe":1,"minecraft:furnace":3,"minecraft:cooked_salmon":10,"minecraft:stone_axe":1,"minecraft:cooked_mutton":3,"minecraft:air":0,"minecraft:stick":16,"minecraft:stone_pickaxe":2,"minecraft:smoker":2},"minecraft:used":{"minecraft:cooked_mutton":4,"minecraft:stone_sword":3,"minecraft:stone_shovel":25,"minecraft:stone_pickaxe":129,"minecraft:poppy":1,"minecraft:chest":1,"minecraft:wooden_pickaxe":22,"minecraft:cooked_salmon":2,"minecraft:torch":4,"minecraft:mossy_cobblestone":1,"minecraft:dirt":7,"minecraft:crafting_table":2,"minecraft:azure_bluet":1,"minecraft:smoker":2,"minecraft:oxeye_daisy":1,"create:crafting_blueprint":1,"minecraft:stone_axe":69,"minecraft:cobblestone":4,"minecraft:furnace":1},"minecraft:mined":{"minecraft:dandelion":2,"minecraft:grass_block":16,"minecraft:poppy":1,"minecraft:oxeye_daisy":1,"minecraft:iron_ore":7,"minecraft:azure_bluet":1,"minecraft:grass":2,"minecraft:oak_log":28,"minecraft:coal_ore":45,"minecraft:dirt":21,"minecraft:stone":74,"minecraft:oak_leaves":11},"minecraft:killed_by":{"decayingmobsbackport:weeping_chaser":1,"vivilly_dweller:vivilly_dweller":1,"sanitydim:sneaking_terror":1,"skinwalker_overhaul:skinwalker_overhaul":1,"kevin_trophy:zombie_brute":1,"mutantmonsters:mutant_skeleton":2,"jacky:jacky":1,"assimilator:assimilator":1,"kim_dweller:kim_dweller":1},"minecraft:picked_up":{"minecraft:azure_bluet":1,"minecraft:salmon":17,"minecraft:tuff":2,"marbledsarsenal:baseball_bat":3,"minecraft:oak_log":26,"minecraft:string":1,"minecraft:dirt":39,"minecraft:stone_pickaxe":3,"minecraft:poppy":1,"minecraft:chest":1,"minecraft:oak_planks":58,"minecraft:stick":4,"minecraft:raw_iron":7,"minecraft:torch":7,"minecraft:dandelion":1,"minecraft:mossy_cobblestone":1,"minecraft:stone_sword":1,"minecraft:stone_shovel":1,"minecraft:stone_axe":5,"minecraft:bone_meal":3,"create:crafting_blueprint":1,"minecraft:mutton":3,"minecraft:coal":45,"minecraft:cobblestone":105,"minecraft:white_wool":2,"minecraft:oxeye_daisy":1},"minecraft:dropped":{"minecraft:stone_axe":1,"minecraft:cobblestone":7,"marbledsarsenal:baseball_bat":1,"minecraft:white_wool":2}},"DataVersion":3120}