{"stats":{"minecraft:broken":{"minecraft:stone_sword":1,"minecraft:stone_pickaxe":1,"minecraft:stone_axe":7,"minecraft:stone_shovel":7},"minecraft:picked_up":{"minecraft:wooden_axe":1,"rottencreatures:frozen_rotten_flesh":6,"minecraft:crafting_table":2,"minecraft:ladder":1,"minecraft:brown_mushroom":1,"minecraft:wooden_pickaxe":5,"minecraft:oak_stairs":8,"minecraft:string":32,"minecraft:moss_carpet":1,"minecraft:beetroot":1,"minecraft:bucket":1,"decayingmobsbackport:eyeball":10,"minecraft:cobblestone_slab":237,"minecraft:iron_pickaxe":1,"minecraft:melon_slice":7,"minecraft:chest":1,"minecraft:dark_oak_door":6,"minecraft:dark_oak_sapling":125,"minecraft:stick":144,"minecraft:raw_iron":1,"minecraft:torch":15,"minecraft:carrot":3,"minecraft:dark_oak_planks":984,"minecraft:rotten_flesh":16,"minecraft:stone_shovel":5,"minecraft:arrow":22,"minecraft:stone_sword":21,"minecraft:cactus":2,"minecraft:snowball":1606,"minecraft:white_wool":11,"minecraft:cobblestone":270,"minecraft:feather":6,"minecraft:dark_oak_boat":12,"minecraft:red_mushroom":1,"minecraft:filled_map":1,"minecraft:oak_log":31,"minecraft:cobblestone_wall":39,"minecraft:gunpowder":23,"minecraft:wooden_hoe":2,"minecraft:dirt":39,"minecraft:bone":33,"minecraft:apple":16,"minecraft:stone_pickaxe":11,"minecraft:moss_block":1,"minecraft:stone_hoe":1,"decayingmobsbackport:spirit_of_the_snatcher":4,"minecraft:dark_oak_slab":1709,"minecraft:pumpkin":1,"minecraft:quartz":1,"minecraft:sand":1,"minecraft:dark_oak_log":1258,"minecraft:spider_eye":9,"minecraft:pumpkin_seeds":2,"minecraft:stone_axe":42,"minecraft:birch_sign":1,"minecraft:rooted_dirt":1,"minecraft:oak_sapling":24,"minecraft:coal":1,"minecraft:ender_pearl":1},"minecraft:killed_by":{"decayingmobsbackport:weeping_chaser":11,"minecraft:player":5,"kevin_trophy:zombie_brute":1,"minecraft:creeper":5,"minecraft:spider":2,"minecraft:enderman":2,"jacky:jacky":8,"simon:simon_12":3,"decayingmobsbackport:limb_snatcher":3,"kevin_trophy:crawler_zombie":1,"facelesssteve:facelesszombie":10,"man:managgresive":1,"decayingmobsbackport:distant_sobber":2,"skinwalker_overhaul:skinwalker_overhaul":13,"screaming_villager:screaming_sheep":2,"mutantmonsters:mutant_skeleton":1,"minecraft:skeleton":7,"minecraft:witch":1,"minecraft:zombie":4,"torture:torture":6,"thebeastinthedark:the_dark_beast":1,"facelesssteve:facelesscreeper":1,"assimilator:assimilator":10,"kim_dweller:kim_dweller":4,"rottencreatures:frostbitten":1,"rottencreatures:undead_miner":5,"krampus:krampus":5},"minecraft:crafted":{"minecraft:cobblestone_slab":102,"minecraft:stone_shovel":9,"minecraft:dark_oak_door":3,"minecraft:ladder":21,"minecraft:melon_seeds":2,"minecraft:stone_pickaxe":5,"minecraft:cobblestone_wall":48,"minecraft:chest":8,"minecraft:dark_oak_planks":1772,"minecraft:stone_axe":16,"minecraft:dark_oak_slab":2106,"minecraft:wooden_hoe":1,"minecraft:stick":84,"minecraft:wooden_axe":1,"minecraft:stone_sword":2,"minecraft:snow_block":37,"minecraft:torch":24},"minecraft:killed":{"facelesssteve:facelesscreeper":1,"minecraft:spider":19,"thebeastinthedark:the_beast_flees":4,"decayingmobsbackport:eye":4,"decayingmobsbackport:limb_snatcher":4,"decayingmobsbackport:hunted_zombie":8,"minecraft:skeleton":3,"facelesssteve:facelesszombie":5,"decayingmobsbackport:limb_snatcher_victim":2,"screaming_villager:screaming_sheep":10,"the_player:the_player":1,"kevin_trophy:spitter_zombie":1,"rottencreatures:undead_miner":1,"rottencreatures:frostbitten":6,"decayingmobsbackport:half_pig":13,"minecraft:creeper":8,"rottencreatures:glacial_hunter":1,"kevin_trophy:crawler_zombie":1,"minecraft:zombie":5,"minecraft:enderman":2},"minecraft:used":{"minecraft:stone_sword":97,"minecraft:stone_shovel":1132,"minecraft:ladder":20,"minecraft:chest":9,"minecraft:stone_hoe":12,"minecraft:rotten_flesh":1,"minecraft:torch":1,"minecraft:dirt":69,"minecraft:cobblestone_wall":48,"minecraft:carrot":1,"minecraft:snowball":507,"minecraft:dark_oak_planks":513,"minecraft:oak_stairs":3,"minecraft:rooted_dirt":1,"minecraft:dark_oak_slab":1649,"minecraft:melon_seeds":2,"minecraft:dark_oak_boat":6,"minecraft:oak_sapling":11,"minecraft:beetroot_seeds":2,"minecraft:dark_oak_sapling":102,"minecraft:stone_pickaxe":171,"minecraft:wooden_pickaxe":41,"minecraft:cobblestone_slab":309,"minecraft:crafting_table":2,"minecraft:pumpkin_seeds":2,"minecraft:dark_oak_door":2,"minecraft:wooden_hoe":29,"minecraft:dark_oak_log":3,"minecraft:stone_axe":1502,"minecraft:cobblestone":95},"minecraft:dropped":{"minecraft:dark_oak_slab":144,"minecraft:cobblestone":11,"minecraft:dirt":8,"minecraft:dark_oak_log":39,"minecraft:torch":9,"minecraft:dark_oak_planks":94,"minecraft:white_wool":1,"minecraft:bone":1,"minecraft:stone_axe":4,"decayingmobsbackport:spirit_of_the_snatcher":1,"minecraft:stone_sword":7,"minecraft:cobblestone_wall":29,"minecraft:stone_shovel":1,"minecraft:carrot":2,"minecraft:wooden_pickaxe":1,"minecraft:arrow":14,"minecraft:stone_pickaxe":1},"minecraft:mined":{"minecraft:dark_oak_planks":29,"minecraft:oak_sapling":2,"minecraft:dark_oak_leaves":43,"minecraft:dark_oak_log":1110,"minecraft:grass_block":9,"minecraft:moss_block":1,"minecraft:rooted_dirt":1,"minecraft:snow":1120,"minecraft:pumpkin":1,"minecraft:cobblestone_slab":41,"minecraft:birch_wall_sign":1,"minecraft:crafting_table":2,"minecraft:torch":2,"minecraft:melon":1,"minecraft:chest":1,"minecraft:cobblestone":131,"minecraft:cactus":2,"minecraft:dark_oak_slab":83,"minecraft:cobblestone_wall":5,"minecraft:oak_log":31,"minecraft:sand":1,"minecraft:dirt":33,"minecraft:oak_leaves":6},"minecraft:custom":{"minecraft:mob_kills":112,"minecraft:interact_with_crafting_table":90,"minecraft:leave_game":19,"minecraft:time_since_death":6224,"minecraft:climb_one_cm":29917,"minecraft:sprint_one_cm":985290,"minecraft:walk_one_cm":1689155,"minecraft:drop":33,"minecraft:play_time":443869,"minecraft:deaths":133,"minecraft:sneak_time":37008,"minecraft:walk_under_water_one_cm":115770,"minecraft:boat_one_cm":7273,"minecraft:jump":5165,"minecraft:walk_on_water_one_cm":21498,"minecraft:total_world_time":443869,"minecraft:interact_with_furnace":3,"minecraft:time_since_rest":6252,"minecraft:damage_taken":42697,"minecraft:damage_dealt":23748,"minecraft:swim_one_cm":282,"minecraft:fly_one_cm":829085,"minecraft:player_kills":1,"minecraft:open_chest":598,"minecraft:crouch_one_cm":138579,"minecraft:fall_one_cm":246159}},"DataVersion":3120}