{"stats":{"minecraft:killed":{"minecraft:salmon":17,"decayingmobsbackport:half_pig":1,"minecraft:sheep":2,"decayingmobsbackport:hunted_zombie":1},"minecraft:custom":{"minecraft:interact_with_furnace":4,"minecraft:mob_kills":22,"minecraft:interact_with_crafting_table":9,"minecraft:leave_game":1,"minecraft:time_since_death":9573,"minecraft:time_since_rest":9600,"minecraft:sprint_one_cm":96476,"minecraft:damage_taken":2236,"minecraft:walk_one_cm":182065,"minecraft:drop":4,"minecraft:damage_dealt":3127,"minecraft:swim_one_cm":30458,"minecraft:fly_one_cm":101654,"minecraft:open_chest":15,"minecraft:play_time":48433,"minecraft:deaths":6,"minecraft:sneak_time":84,"minecraft:walk_under_water_one_cm":15242,"minecraft:jump":747,"minecraft:walk_on_water_one_cm":14913,"minecraft:total_world_time":48433,"minecraft:interact_with_smoker":5,"minecraft:fall_one_cm":21315},"minecraft:crafted":{"minecraft:oak_planks":36,"minecraft:crafting_table":2,"minecraft:wooden_pickaxe":1,"minecraft:furnace":3,"minecraft:cooked_salmon":10,"minecraft:stone_axe":1,"minecraft:cooked_mutton":3,"minecraft:air":0,"minecraft:stick":8,"minecraft:stone_pickaxe":1,"minecraft:smoker":2},"minecraft:used":{"minecraft:cooked_mutton":4,"minecraft:stone_pickaxe":88,"minecraft:poppy":1,"minecraft:chest":1,"minecraft:wooden_pickaxe":22,"minecraft:cooked_salmon":1,"minecraft:torch":4,"minecraft:mossy_cobblestone":1,"minecraft:dirt":2,"minecraft:crafting_table":2,"minecraft:azure_bluet":1,"minecraft:smoker":2,"minecraft:oxeye_daisy":1,"create:crafting_blueprint":1,"minecraft:stone_axe":67,"minecraft:furnace":1},"minecraft:mined":{"minecraft:dandelion":2,"minecraft:grass_block":4,"minecraft:poppy":1,"minecraft:oxeye_daisy":1,"minecraft:iron_ore":2,"minecraft:azure_bluet":1,"minecraft:grass":1,"minecraft:oak_log":28,"minecraft:coal_ore":34,"minecraft:dirt":4,"minecraft:stone":49,"minecraft:oak_leaves":10},"minecraft:killed_by":{"decayingmobsbackport:weeping_chaser":1,"vivilly_dweller:vivilly_dweller":1,"sanitydim:sneaking_terror":1,"skinwalker_overhaul:skinwalker_overhaul":1,"mutantmonsters:mutant_skeleton":2},"minecraft:picked_up":{"minecraft:azure_bluet":1,"minecraft:salmon":17,"minecraft:tuff":2,"minecraft:oak_log":26,"marbledsarsenal:baseball_bat":1,"minecraft:dirt":33,"minecraft:string":1,"minecraft:stone_pickaxe":2,"minecraft:poppy":1,"minecraft:chest":1,"minecraft:oak_planks":10,"minecraft:stick":4,"minecraft:raw_iron":2,"minecraft:dandelion":1,"minecraft:mossy_cobblestone":1,"minecraft:stone_axe":2,"minecraft:bone_meal":1,"create:crafting_blueprint":1,"minecraft:mutton":3,"minecraft:coal":34,"minecraft:cobblestone":49,"minecraft:white_wool":2,"minecraft:oxeye_daisy":1},"minecraft:dropped":{"minecraft:stone_axe":1,"minecraft:cobblestone":7,"minecraft:white_wool":2}},"DataVersion":3120}