{"stats":{"minecraft:killed":{"minecraft:sheep":2,"decayingmobsbackport:hunted_zombie":1,"decayingmobsbackport:half_pig":1},"minecraft:custom":{"minecraft:time_since_rest":6412,"minecraft:sprint_one_cm":65129,"minecraft:damage_taken":1490,"minecraft:walk_one_cm":73507,"minecraft:mob_kills":4,"minecraft:drop":1,"minecraft:damage_dealt":424,"minecraft:interact_with_crafting_table":4,"minecraft:swim_one_cm":2840,"minecraft:fly_one_cm":51962,"minecraft:play_time":17155,"minecraft:deaths":4,"minecraft:walk_under_water_one_cm":2028,"minecraft:jump":369,"minecraft:walk_on_water_one_cm":5301,"minecraft:time_since_death":6360,"minecraft:total_world_time":17155,"minecraft:fall_one_cm":12339},"minecraft:crafted":{"minecraft:oak_planks":36,"minecraft:crafting_table":2,"minecraft:stick":8,"minecraft:wooden_pickaxe":1,"minecraft:stone_axe":1},"minecraft:used":{"minecraft:stone_pickaxe":18,"minecraft:wooden_pickaxe":22,"minecraft:stone_axe":7,"minecraft:mossy_cobblestone":1,"minecraft:crafting_table":2},"minecraft:mined":{"minecraft:iron_ore":2,"minecraft:grass_block":2,"minecraft:oak_log":9,"minecraft:stone":37,"minecraft:oak_leaves":9},"minecraft:killed_by":{"decayingmobsbackport:weeping_chaser":1,"sanitydim:sneaking_terror":1,"mutantmonsters:mutant_skeleton":2},"minecraft:picked_up":{"minecraft:stick":4,"minecraft:raw_iron":2,"minecraft:tuff":2,"minecraft:oak_log":9,"minecraft:dirt":20,"minecraft:mossy_cobblestone":1,"minecraft:stone_pickaxe":1,"minecraft:mutton":3,"minecraft:oak_planks":10,"minecraft:white_wool":2,"minecraft:cobblestone":36},"minecraft:dropped":{"minecraft:cobblestone":7}},"DataVersion":3120}