{"stats":{"minecraft:killed":{"minecraft:sheep":2,"decayingmobsbackport:hunted_zombie":1,"decayingmobsbackport:half_pig":1},"minecraft:custom":{"minecraft:time_since_rest":18412,"minecraft:interact_with_furnace":4,"minecraft:sprint_one_cm":70923,"minecraft:damage_taken":1490,"minecraft:walk_one_cm":115055,"minecraft:mob_kills":4,"minecraft:drop":4,"minecraft:damage_dealt":1222,"minecraft:interact_with_crafting_table":6,"minecraft:swim_one_cm":2840,"minecraft:fly_one_cm":59860,"minecraft:open_chest":6,"minecraft:play_time":29155,"minecraft:deaths":4,"minecraft:sneak_time":61,"minecraft:walk_under_water_one_cm":3338,"minecraft:jump":454,"minecraft:walk_on_water_one_cm":5699,"minecraft:time_since_death":18360,"minecraft:total_world_time":29155,"minecraft:fall_one_cm":13918},"minecraft:crafted":{"minecraft:oak_planks":36,"minecraft:crafting_table":2,"minecraft:stick":8,"minecraft:wooden_pickaxe":1,"minecraft:furnace":3,"minecraft:stone_axe":1,"minecraft:cooked_mutton":3,"minecraft:smoker":2},"minecraft:used":{"minecraft:cooked_mutton":2,"minecraft:stone_pickaxe":64,"minecraft:wooden_pickaxe":22,"minecraft:torch":4,"minecraft:stone_axe":37,"minecraft:mossy_cobblestone":1,"minecraft:dirt":1,"minecraft:crafting_table":2,"minecraft:furnace":1,"minecraft:smoker":2},"minecraft:mined":{"minecraft:iron_ore":2,"minecraft:coal_ore":34,"minecraft:grass_block":2,"minecraft:oak_log":28,"minecraft:dirt":1,"minecraft:stone":49,"minecraft:oak_leaves":9},"minecraft:killed_by":{"decayingmobsbackport:weeping_chaser":1,"sanitydim:sneaking_terror":1,"mutantmonsters:mutant_skeleton":2},"minecraft:picked_up":{"minecraft:stick":4,"minecraft:raw_iron":2,"minecraft:tuff":2,"minecraft:oak_log":26,"minecraft:dirt":25,"minecraft:mossy_cobblestone":1,"minecraft:stone_axe":1,"minecraft:stone_pickaxe":1,"minecraft:mutton":3,"minecraft:oak_planks":10,"minecraft:coal":34,"minecraft:white_wool":2,"minecraft:cobblestone":49},"minecraft:dropped":{"minecraft:stone_axe":1,"minecraft:cobblestone":7,"minecraft:white_wool":2}},"DataVersion":3120}