{"stats":{"minecraft:broken":{"minecraft:stone_sword":1,"minecraft:stone_pickaxe":1,"minecraft:stone_axe":4,"minecraft:stone_shovel":7},"minecraft:killed_by":{"decayingmobsbackport:weeping_chaser":7,"minecraft:player":4,"kevin_trophy:zombie_brute":1,"minecraft:creeper":5,"minecraft:spider":2,"minecraft:enderman":2,"jacky:jacky":6,"simon:simon_12":3,"decayingmobsbackport:limb_snatcher":2,"facelesssteve:facelesszombie":8,"man:managgresive":1,"decayingmobsbackport:distant_sobber":2,"screaming_villager:screaming_sheep":2,"skinwalker_overhaul:skinwalker_overhaul":8,"mutantmonsters:mutant_skeleton":1,"minecraft:skeleton":6,"minecraft:witch":1,"minecraft:zombie":2,"torture:torture":4,"facelesssteve:facelesscreeper":1,"assimilator:assimilator":5,"kim_dweller:kim_dweller":3,"rottencreatures:frostbitten":1,"rottencreatures:undead_miner":5,"krampus:krampus":3},"minecraft:custom":{"minecraft:mob_kills":92,"minecraft:interact_with_crafting_table":74,"minecraft:leave_game":15,"minecraft:time_since_death":1187,"minecraft:sprint_one_cm":622710,"minecraft:walk_one_cm":1281420,"minecraft:drop":21,"minecraft:play_time":309745,"minecraft:deaths":93,"minecraft:sneak_time":29353,"minecraft:walk_under_water_one_cm":91537,"minecraft:boat_one_cm":6438,"minecraft:jump":3047,"minecraft:walk_on_water_one_cm":18403,"minecraft:total_world_time":309745,"minecraft:interact_with_furnace":3,"minecraft:time_since_rest":1216,"minecraft:damage_taken":29356,"minecraft:damage_dealt":19386,"minecraft:swim_one_cm":282,"minecraft:fly_one_cm":442755,"minecraft:player_kills":1,"minecraft:open_chest":412,"minecraft:crouch_one_cm":107220,"minecraft:fall_one_cm":139449},"minecraft:used":{"minecraft:stone_sword":96,"minecraft:stone_shovel":1132,"minecraft:chest":9,"minecraft:stone_hoe":12,"minecraft:rotten_flesh":1,"minecraft:torch":1,"minecraft:dirt":69,"minecraft:cobblestone_wall":48,"minecraft:carrot":1,"minecraft:snowball":379,"minecraft:dark_oak_planks":161,"minecraft:oak_stairs":3,"minecraft:rooted_dirt":1,"minecraft:dark_oak_slab":1306,"minecraft:melon_seeds":2,"minecraft:dark_oak_boat":4,"minecraft:oak_sapling":11,"minecraft:beetroot_seeds":2,"minecraft:dark_oak_sapling":55,"minecraft:stone_pickaxe":147,"minecraft:wooden_pickaxe":41,"minecraft:cobblestone_slab":306,"minecraft:crafting_table":2,"minecraft:pumpkin_seeds":2,"minecraft:dark_oak_door":2,"minecraft:wooden_hoe":29,"minecraft:dark_oak_log":2,"minecraft:stone_axe":929,"minecraft:cobblestone":94},"minecraft:picked_up":{"minecraft:wooden_axe":1,"rottencreatures:frozen_rotten_flesh":4,"minecraft:crafting_table":2,"minecraft:wooden_pickaxe":5,"minecraft:oak_stairs":8,"minecraft:string":26,"minecraft:moss_carpet":1,"minecraft:beetroot":1,"minecraft:bucket":1,"decayingmobsbackport:eyeball":10,"minecraft:cobblestone_slab":202,"minecraft:iron_pickaxe":1,"minecraft:melon_slice":7,"minecraft:chest":1,"minecraft:dark_oak_door":6,"minecraft:raw_iron":1,"minecraft:dark_oak_sapling":54,"minecraft:stick":84,"minecraft:torch":14,"minecraft:dark_oak_planks":391,"minecraft:rotten_flesh":15,"minecraft:stone_shovel":4,"minecraft:arrow":10,"minecraft:stone_sword":16,"minecraft:cactus":2,"minecraft:snowball":1555,"minecraft:white_wool":11,"minecraft:cobblestone":244,"minecraft:feather":6,"minecraft:dark_oak_boat":10,"minecraft:filled_map":1,"minecraft:oak_log":31,"minecraft:gunpowder":17,"minecraft:cobblestone_wall":10,"minecraft:wooden_hoe":2,"minecraft:dirt":39,"minecraft:bone":14,"minecraft:apple":8,"minecraft:stone_pickaxe":5,"minecraft:moss_block":1,"minecraft:stone_hoe":1,"minecraft:dark_oak_slab":1173,"decayingmobsbackport:spirit_of_the_snatcher":4,"minecraft:pumpkin":1,"minecraft:quartz":1,"minecraft:sand":1,"minecraft:dark_oak_log":700,"minecraft:spider_eye":6,"minecraft:pumpkin_seeds":2,"minecraft:stone_axe":31,"minecraft:birch_sign":1,"minecraft:rooted_dirt":1,"minecraft:oak_sapling":24},"minecraft:mined":{"minecraft:dark_oak_planks":6,"minecraft:oak_sapling":2,"minecraft:dark_oak_leaves":18,"minecraft:dark_oak_log":623,"minecraft:grass_block":9,"minecraft:moss_block":1,"minecraft:rooted_dirt":1,"minecraft:snow":1120,"minecraft:pumpkin":1,"minecraft:cobblestone_slab":30,"minecraft:birch_wall_sign":1,"minecraft:crafting_table":2,"minecraft:torch":2,"minecraft:melon":1,"minecraft:chest":1,"minecraft:cobblestone":131,"minecraft:cactus":2,"minecraft:dark_oak_slab":71,"minecraft:cobblestone_wall":5,"minecraft:oak_log":31,"minecraft:sand":1,"minecraft:dirt":33,"minecraft:oak_leaves":6},"minecraft:dropped":{"minecraft:dark_oak_slab":125,"minecraft:cobblestone":11,"minecraft:dirt":8,"minecraft:dark_oak_log":1,"minecraft:torch":9,"minecraft:white_wool":1,"minecraft:stone_axe":4,"decayingmobsbackport:spirit_of_the_snatcher":1,"minecraft:stone_sword":4,"minecraft:stone_shovel":1,"minecraft:wooden_pickaxe":1,"minecraft:stone_pickaxe":1},"minecraft:killed":{"minecraft:spider":16,"thebeastinthedark:the_beast_flees":2,"decayingmobsbackport:eye":4,"decayingmobsbackport:limb_snatcher":4,"decayingmobsbackport:hunted_zombie":7,"minecraft:skeleton":2,"facelesssteve:facelesszombie":5,"decayingmobsbackport:limb_snatcher_victim":1,"the_player:the_player":1,"screaming_villager:screaming_sheep":10,"kevin_trophy:spitter_zombie":1,"rottencreatures:frostbitten":5,"decayingmobsbackport:half_pig":12,"minecraft:creeper":5,"rottencreatures:glacial_hunter":1,"kevin_trophy:crawler_zombie":1,"minecraft:zombie":5},"minecraft:crafted":{"minecraft:cobblestone_slab":102,"minecraft:stone_shovel":9,"minecraft:dark_oak_door":3,"minecraft:melon_seeds":2,"minecraft:stone_pickaxe":3,"minecraft:cobblestone_wall":48,"minecraft:chest":8,"minecraft:dark_oak_planks":1260,"minecraft:stone_axe":9,"minecraft:dark_oak_slab":1668,"minecraft:wooden_hoe":1,"minecraft:stick":24,"minecraft:wooden_axe":1,"minecraft:stone_sword":2,"minecraft:snow_block":37,"minecraft:torch":24}},"DataVersion":3120}