{"stats":{"minecraft:broken":{"minecraft:stone_sword":1,"minecraft:stone_axe":3,"minecraft:stone_shovel":6},"minecraft:killed_by":{"decayingmobsbackport:weeping_chaser":6,"minecraft:player":3,"kevin_trophy:zombie_brute":1,"minecraft:creeper":5,"minecraft:spider":2,"minecraft:enderman":2,"jacky:jacky":4,"simon:simon_12":3,"decayingmobsbackport:limb_snatcher":2,"facelesssteve:facelesszombie":5,"man:managgresive":1,"decayingmobsbackport:distant_sobber":2,"screaming_villager:screaming_sheep":2,"skinwalker_overhaul:skinwalker_overhaul":7,"mutantmonsters:mutant_skeleton":1,"minecraft:skeleton":1,"minecraft:witch":1,"minecraft:zombie":2,"torture:torture":2,"facelesssteve:facelesscreeper":1,"assimilator:assimilator":4,"kim_dweller:kim_dweller":3,"rottencreatures:frostbitten":1,"krampus:krampus":2},"minecraft:custom":{"minecraft:mob_kills":73,"minecraft:interact_with_crafting_table":72,"minecraft:leave_game":15,"minecraft:time_since_death":1315,"minecraft:sprint_one_cm":532719,"minecraft:walk_one_cm":1171650,"minecraft:drop":21,"minecraft:play_time":285745,"minecraft:deaths":71,"minecraft:sneak_time":27712,"minecraft:walk_under_water_one_cm":64490,"minecraft:boat_one_cm":6438,"minecraft:jump":2737,"minecraft:walk_on_water_one_cm":16420,"minecraft:total_world_time":285745,"minecraft:interact_with_furnace":3,"minecraft:time_since_rest":1341,"minecraft:damage_taken":22546,"minecraft:damage_dealt":15019,"minecraft:swim_one_cm":282,"minecraft:fly_one_cm":373986,"minecraft:player_kills":1,"minecraft:open_chest":376,"minecraft:crouch_one_cm":105755,"minecraft:fall_one_cm":116901},"minecraft:used":{"minecraft:stone_sword":73,"minecraft:stone_shovel":998,"minecraft:chest":9,"minecraft:stone_hoe":12,"minecraft:rotten_flesh":1,"minecraft:torch":1,"minecraft:dirt":69,"minecraft:cobblestone_wall":48,"minecraft:carrot":1,"minecraft:snowball":362,"minecraft:dark_oak_planks":117,"minecraft:oak_stairs":3,"minecraft:rooted_dirt":1,"minecraft:dark_oak_slab":1263,"minecraft:melon_seeds":2,"minecraft:dark_oak_boat":4,"minecraft:oak_sapling":11,"minecraft:beetroot_seeds":2,"minecraft:dark_oak_sapling":55,"minecraft:stone_pickaxe":146,"minecraft:wooden_pickaxe":38,"minecraft:cobblestone_slab":306,"minecraft:crafting_table":2,"minecraft:pumpkin_seeds":2,"minecraft:dark_oak_door":2,"minecraft:wooden_hoe":25,"minecraft:dark_oak_log":2,"minecraft:stone_axe":876,"minecraft:cobblestone":94},"minecraft:picked_up":{"minecraft:wooden_axe":1,"rottencreatures:frozen_rotten_flesh":4,"minecraft:crafting_table":2,"minecraft:wooden_pickaxe":5,"minecraft:oak_stairs":8,"minecraft:string":22,"minecraft:moss_carpet":1,"minecraft:beetroot":1,"minecraft:bucket":1,"decayingmobsbackport:eyeball":7,"minecraft:cobblestone_slab":202,"minecraft:melon_slice":7,"minecraft:chest":1,"minecraft:dark_oak_sapling":54,"minecraft:stick":60,"minecraft:torch":14,"minecraft:dark_oak_planks":250,"minecraft:rotten_flesh":6,"minecraft:stone_shovel":4,"minecraft:arrow":8,"minecraft:stone_sword":14,"minecraft:cactus":2,"minecraft:snowball":1288,"minecraft:white_wool":8,"minecraft:cobblestone":238,"minecraft:feather":6,"minecraft:dark_oak_boat":10,"minecraft:filled_map":1,"minecraft:oak_log":31,"minecraft:gunpowder":17,"minecraft:cobblestone_wall":10,"minecraft:dirt":39,"minecraft:bone":12,"minecraft:apple":8,"minecraft:stone_pickaxe":4,"minecraft:moss_block":1,"minecraft:stone_hoe":1,"minecraft:dark_oak_slab":789,"decayingmobsbackport:spirit_of_the_snatcher":2,"minecraft:pumpkin":1,"minecraft:sand":1,"minecraft:dark_oak_log":700,"minecraft:spider_eye":6,"minecraft:stone_axe":28,"minecraft:birch_sign":1,"minecraft:rooted_dirt":1,"minecraft:oak_sapling":24},"minecraft:mined":{"minecraft:dark_oak_planks":5,"minecraft:oak_sapling":2,"minecraft:dark_oak_leaves":18,"minecraft:dark_oak_log":623,"minecraft:grass_block":9,"minecraft:moss_block":1,"minecraft:rooted_dirt":1,"minecraft:snow":987,"minecraft:pumpkin":1,"minecraft:cobblestone_slab":30,"minecraft:birch_wall_sign":1,"minecraft:crafting_table":2,"minecraft:torch":2,"minecraft:melon":1,"minecraft:chest":1,"minecraft:cobblestone":131,"minecraft:cactus":2,"minecraft:dark_oak_slab":66,"minecraft:cobblestone_wall":5,"minecraft:oak_log":31,"minecraft:sand":1,"minecraft:dirt":33,"minecraft:oak_leaves":6},"minecraft:dropped":{"minecraft:dark_oak_slab":125,"minecraft:cobblestone":11,"minecraft:dirt":8,"minecraft:dark_oak_log":1,"minecraft:torch":9,"minecraft:white_wool":1,"minecraft:stone_axe":4,"decayingmobsbackport:spirit_of_the_snatcher":1,"minecraft:stone_sword":4,"minecraft:stone_shovel":1,"minecraft:wooden_pickaxe":1,"minecraft:stone_pickaxe":1},"minecraft:killed":{"minecraft:spider":11,"thebeastinthedark:the_beast_flees":2,"decayingmobsbackport:eye":2,"decayingmobsbackport:limb_snatcher":2,"decayingmobsbackport:hunted_zombie":7,"minecraft:skeleton":2,"facelesssteve:facelesszombie":5,"screaming_villager:screaming_sheep":7,"kevin_trophy:spitter_zombie":1,"rottencreatures:frostbitten":5,"decayingmobsbackport:half_pig":9,"minecraft:creeper":5,"rottencreatures:glacial_hunter":1,"minecraft:zombie":5},"minecraft:crafted":{"minecraft:cobblestone_slab":102,"minecraft:stone_shovel":8,"minecraft:dark_oak_door":3,"minecraft:melon_seeds":2,"minecraft:stone_pickaxe":3,"minecraft:cobblestone_wall":48,"minecraft:chest":8,"minecraft:dark_oak_planks":1128,"minecraft:stone_axe":9,"minecraft:dark_oak_slab":1458,"minecraft:wooden_hoe":1,"minecraft:stick":24,"minecraft:wooden_axe":1,"minecraft:stone_sword":2,"minecraft:snow_block":37,"minecraft:torch":24}},"DataVersion":3120}