{"stats":{"minecraft:killed":{"minecraft:sheep":2,"decayingmobsbackport:hunted_zombie":1,"decayingmobsbackport:half_pig":1},"minecraft:custom":{"minecraft:time_since_rest":24412,"minecraft:interact_with_furnace":4,"minecraft:sprint_one_cm":78227,"minecraft:damage_taken":1535,"minecraft:walk_one_cm":146237,"minecraft:mob_kills":4,"minecraft:drop":4,"minecraft:damage_dealt":2566,"minecraft:interact_with_crafting_table":7,"minecraft:swim_one_cm":11120,"minecraft:fly_one_cm":70711,"minecraft:open_chest":7,"minecraft:play_time":35155,"minecraft:deaths":4,"minecraft:sneak_time":65,"minecraft:walk_under_water_one_cm":4321,"minecraft:jump":509,"minecraft:walk_on_water_one_cm":8554,"minecraft:time_since_death":24360,"minecraft:total_world_time":35155,"minecraft:fall_one_cm":14965},"minecraft:crafted":{"minecraft:oak_planks":36,"minecraft:crafting_table":2,"minecraft:stick":8,"minecraft:wooden_pickaxe":1,"minecraft:furnace":3,"minecraft:stone_axe":1,"minecraft:cooked_mutton":3,"minecraft:smoker":2},"minecraft:used":{"minecraft:cooked_mutton":3,"minecraft:stone_pickaxe":64,"minecraft:chest":1,"minecraft:wooden_pickaxe":22,"minecraft:torch":4,"minecraft:stone_axe":64,"minecraft:mossy_cobblestone":1,"minecraft:dirt":2,"minecraft:crafting_table":2,"minecraft:furnace":1,"minecraft:smoker":2},"minecraft:mined":{"minecraft:iron_ore":2,"minecraft:coal_ore":34,"minecraft:grass_block":3,"minecraft:oak_log":28,"minecraft:dirt":4,"minecraft:stone":49,"minecraft:oak_leaves":9},"minecraft:killed_by":{"decayingmobsbackport:weeping_chaser":1,"sanitydim:sneaking_terror":1,"mutantmonsters:mutant_skeleton":2},"minecraft:picked_up":{"minecraft:stick":4,"minecraft:raw_iron":2,"minecraft:tuff":2,"minecraft:oak_log":26,"minecraft:string":1,"minecraft:dirt":32,"minecraft:mossy_cobblestone":1,"minecraft:stone_axe":1,"minecraft:stone_pickaxe":1,"minecraft:chest":1,"minecraft:mutton":3,"minecraft:oak_planks":10,"minecraft:coal":34,"minecraft:white_wool":2,"minecraft:cobblestone":49},"minecraft:dropped":{"minecraft:stone_axe":1,"minecraft:cobblestone":7,"minecraft:white_wool":2}},"DataVersion":3120}