{"stats":{"minecraft:broken":{"minecraft:stone_sword":1,"minecraft:stone_pickaxe":1,"minecraft:stone_axe":5,"minecraft:stone_shovel":7},"minecraft:killed_by":{"decayingmobsbackport:weeping_chaser":10,"minecraft:player":4,"kevin_trophy:zombie_brute":1,"minecraft:creeper":5,"minecraft:spider":2,"minecraft:enderman":2,"jacky:jacky":6,"simon:simon_12":3,"decayingmobsbackport:limb_snatcher":2,"kevin_trophy:crawler_zombie":1,"facelesssteve:facelesszombie":10,"man:managgresive":1,"decayingmobsbackport:distant_sobber":2,"skinwalker_overhaul:skinwalker_overhaul":11,"screaming_villager:screaming_sheep":2,"mutantmonsters:mutant_skeleton":1,"minecraft:skeleton":6,"minecraft:witch":1,"minecraft:zombie":4,"torture:torture":5,"thebeastinthedark:the_dark_beast":1,"facelesssteve:facelesscreeper":1,"assimilator:assimilator":9,"kim_dweller:kim_dweller":3,"rottencreatures:frostbitten":1,"rottencreatures:undead_miner":5,"krampus:krampus":4},"minecraft:custom":{"minecraft:mob_kills":109,"minecraft:interact_with_crafting_table":83,"minecraft:leave_game":17,"minecraft:time_since_death":6213,"minecraft:sprint_one_cm":775599,"minecraft:walk_one_cm":1482263,"minecraft:drop":26,"minecraft:play_time":367720,"minecraft:deaths":117,"minecraft:sneak_time":34328,"minecraft:walk_under_water_one_cm":115770,"minecraft:boat_one_cm":7273,"minecraft:jump":3868,"minecraft:walk_on_water_one_cm":21071,"minecraft:total_world_time":367720,"minecraft:interact_with_furnace":3,"minecraft:time_since_rest":6242,"minecraft:damage_taken":36689,"minecraft:damage_dealt":23648,"minecraft:swim_one_cm":282,"minecraft:fly_one_cm":600726,"minecraft:player_kills":1,"minecraft:open_chest":505,"minecraft:crouch_one_cm":127272,"minecraft:fall_one_cm":183676},"minecraft:used":{"minecraft:stone_sword":96,"minecraft:stone_shovel":1132,"minecraft:chest":9,"minecraft:stone_hoe":12,"minecraft:rotten_flesh":1,"minecraft:torch":1,"minecraft:dirt":69,"minecraft:cobblestone_wall":48,"minecraft:carrot":1,"minecraft:snowball":507,"minecraft:dark_oak_planks":165,"minecraft:oak_stairs":3,"minecraft:rooted_dirt":1,"minecraft:dark_oak_slab":1578,"minecraft:melon_seeds":2,"minecraft:dark_oak_boat":6,"minecraft:oak_sapling":11,"minecraft:beetroot_seeds":2,"minecraft:dark_oak_sapling":68,"minecraft:stone_pickaxe":171,"minecraft:wooden_pickaxe":41,"minecraft:cobblestone_slab":309,"minecraft:crafting_table":2,"minecraft:pumpkin_seeds":2,"minecraft:dark_oak_door":2,"minecraft:wooden_hoe":29,"minecraft:dark_oak_log":2,"minecraft:stone_axe":1123,"minecraft:cobblestone":94},"minecraft:picked_up":{"minecraft:wooden_axe":1,"rottencreatures:frozen_rotten_flesh":6,"minecraft:crafting_table":2,"minecraft:brown_mushroom":1,"minecraft:wooden_pickaxe":5,"minecraft:oak_stairs":8,"minecraft:string":32,"minecraft:moss_carpet":1,"minecraft:beetroot":1,"minecraft:bucket":1,"decayingmobsbackport:eyeball":10,"minecraft:cobblestone_slab":237,"minecraft:iron_pickaxe":1,"minecraft:melon_slice":7,"minecraft:chest":1,"minecraft:dark_oak_door":6,"minecraft:dark_oak_sapling":70,"minecraft:stick":101,"minecraft:raw_iron":1,"minecraft:torch":15,"minecraft:carrot":1,"minecraft:dark_oak_planks":466,"minecraft:rotten_flesh":16,"minecraft:stone_shovel":4,"minecraft:arrow":21,"minecraft:stone_sword":18,"minecraft:cactus":2,"minecraft:snowball":1606,"minecraft:white_wool":11,"minecraft:cobblestone":266,"minecraft:feather":6,"minecraft:dark_oak_boat":12,"minecraft:red_mushroom":1,"minecraft:filled_map":1,"minecraft:oak_log":31,"minecraft:cobblestone_wall":39,"minecraft:gunpowder":23,"minecraft:wooden_hoe":2,"minecraft:dirt":39,"minecraft:bone":29,"minecraft:apple":9,"minecraft:stone_pickaxe":10,"minecraft:moss_block":1,"minecraft:stone_hoe":1,"decayingmobsbackport:spirit_of_the_snatcher":4,"minecraft:dark_oak_slab":1628,"minecraft:pumpkin":1,"minecraft:quartz":1,"minecraft:sand":1,"minecraft:dark_oak_log":833,"minecraft:spider_eye":9,"minecraft:pumpkin_seeds":2,"minecraft:stone_axe":40,"minecraft:birch_sign":1,"minecraft:rooted_dirt":1,"minecraft:oak_sapling":24,"minecraft:coal":1,"minecraft:ender_pearl":1},"minecraft:mined":{"minecraft:dark_oak_planks":18,"minecraft:oak_sapling":2,"minecraft:dark_oak_leaves":20,"minecraft:dark_oak_log":756,"minecraft:grass_block":9,"minecraft:moss_block":1,"minecraft:rooted_dirt":1,"minecraft:snow":1120,"minecraft:pumpkin":1,"minecraft:cobblestone_slab":41,"minecraft:birch_wall_sign":1,"minecraft:crafting_table":2,"minecraft:torch":2,"minecraft:melon":1,"minecraft:chest":1,"minecraft:cobblestone":131,"minecraft:cactus":2,"minecraft:dark_oak_slab":77,"minecraft:cobblestone_wall":5,"minecraft:oak_log":31,"minecraft:sand":1,"minecraft:dirt":33,"minecraft:oak_leaves":6},"minecraft:dropped":{"minecraft:dark_oak_slab":144,"minecraft:cobblestone":11,"minecraft:dirt":8,"minecraft:dark_oak_log":1,"minecraft:torch":9,"minecraft:dark_oak_planks":30,"minecraft:white_wool":1,"minecraft:stone_axe":4,"decayingmobsbackport:spirit_of_the_snatcher":1,"minecraft:stone_sword":6,"minecraft:cobblestone_wall":29,"minecraft:stone_shovel":1,"minecraft:wooden_pickaxe":1,"minecraft:stone_pickaxe":1},"minecraft:killed":{"facelesssteve:facelesscreeper":1,"minecraft:spider":19,"thebeastinthedark:the_beast_flees":4,"decayingmobsbackport:eye":4,"decayingmobsbackport:limb_snatcher":4,"decayingmobsbackport:hunted_zombie":8,"minecraft:skeleton":2,"facelesssteve:facelesszombie":5,"decayingmobsbackport:limb_snatcher_victim":1,"screaming_villager:screaming_sheep":10,"the_player:the_player":1,"kevin_trophy:spitter_zombie":1,"rottencreatures:undead_miner":1,"rottencreatures:frostbitten":6,"decayingmobsbackport:half_pig":13,"minecraft:creeper":8,"rottencreatures:glacial_hunter":1,"kevin_trophy:crawler_zombie":1,"minecraft:zombie":5,"minecraft:enderman":2},"minecraft:crafted":{"minecraft:cobblestone_slab":102,"minecraft:stone_shovel":9,"minecraft:dark_oak_door":3,"minecraft:melon_seeds":2,"minecraft:stone_pickaxe":4,"minecraft:cobblestone_wall":48,"minecraft:chest":8,"minecraft:dark_oak_planks":1772,"minecraft:stone_axe":11,"minecraft:dark_oak_slab":2106,"minecraft:wooden_hoe":1,"minecraft:stick":32,"minecraft:wooden_axe":1,"minecraft:stone_sword":2,"minecraft:snow_block":37,"minecraft:torch":24}},"DataVersion":3120}