{"stats":{"minecraft:killed":{"minecraft:salmon":17,"decayingmobsbackport:half_pig":1,"minecraft:sheep":2,"decayingmobsbackport:hunted_zombie":1},"minecraft:custom":{"minecraft:interact_with_furnace":4,"minecraft:mob_kills":22,"minecraft:interact_with_crafting_table":9,"minecraft:leave_game":2,"minecraft:time_since_death":4108,"minecraft:time_since_rest":4379,"minecraft:sprint_one_cm":105503,"minecraft:damage_taken":2596,"minecraft:walk_one_cm":211432,"minecraft:drop":5,"minecraft:damage_dealt":3127,"minecraft:swim_one_cm":30458,"minecraft:fly_one_cm":116289,"minecraft:open_chest":22,"minecraft:play_time":57391,"minecraft:deaths":7,"minecraft:sneak_time":84,"minecraft:walk_under_water_one_cm":15242,"minecraft:jump":902,"minecraft:walk_on_water_one_cm":14913,"minecraft:interact_with_smoker":5,"minecraft:total_world_time":57391,"minecraft:fall_one_cm":26577},"minecraft:crafted":{"minecraft:oak_planks":36,"minecraft:crafting_table":2,"minecraft:wooden_pickaxe":1,"minecraft:furnace":3,"minecraft:cooked_salmon":10,"minecraft:stone_axe":1,"minecraft:cooked_mutton":3,"minecraft:air":0,"minecraft:stick":8,"minecraft:stone_pickaxe":1,"minecraft:smoker":2},"minecraft:used":{"minecraft:cooked_mutton":4,"minecraft:stone_pickaxe":111,"minecraft:poppy":1,"minecraft:chest":1,"minecraft:wooden_pickaxe":22,"minecraft:cooked_salmon":2,"minecraft:torch":4,"minecraft:mossy_cobblestone":1,"minecraft:dirt":2,"minecraft:crafting_table":2,"minecraft:azure_bluet":1,"minecraft:smoker":2,"minecraft:oxeye_daisy":1,"create:crafting_blueprint":1,"minecraft:stone_axe":67,"minecraft:cobblestone":2,"minecraft:furnace":1},"minecraft:mined":{"minecraft:dandelion":2,"minecraft:grass_block":4,"minecraft:poppy":1,"minecraft:oxeye_daisy":1,"minecraft:iron_ore":7,"minecraft:azure_bluet":1,"minecraft:grass":1,"minecraft:oak_log":28,"minecraft:coal_ore":45,"minecraft:dirt":4,"minecraft:stone":56,"minecraft:oak_leaves":10},"minecraft:killed_by":{"decayingmobsbackport:weeping_chaser":1,"vivilly_dweller:vivilly_dweller":1,"sanitydim:sneaking_terror":1,"skinwalker_overhaul:skinwalker_overhaul":1,"mutantmonsters:mutant_skeleton":2,"jacky:jacky":1},"minecraft:picked_up":{"minecraft:azure_bluet":1,"minecraft:salmon":17,"minecraft:tuff":2,"marbledsarsenal:baseball_bat":2,"minecraft:oak_log":26,"minecraft:string":1,"minecraft:dirt":33,"minecraft:stone_pickaxe":2,"minecraft:poppy":1,"minecraft:chest":1,"minecraft:oak_planks":10,"minecraft:stick":4,"minecraft:raw_iron":7,"minecraft:dandelion":1,"minecraft:mossy_cobblestone":1,"minecraft:stone_axe":2,"minecraft:bone_meal":1,"create:crafting_blueprint":1,"minecraft:mutton":3,"minecraft:coal":45,"minecraft:cobblestone":56,"minecraft:white_wool":2,"minecraft:oxeye_daisy":1},"minecraft:dropped":{"minecraft:stone_axe":1,"minecraft:cobblestone":7,"marbledsarsenal:baseball_bat":1,"minecraft:white_wool":2}},"DataVersion":3120}