{"stats":{"minecraft:broken":{"minecraft:stone_axe":2,"minecraft:stone_shovel":5},"minecraft:custom":{"minecraft:interact_with_furnace":1,"minecraft:mob_kills":49,"minecraft:interact_with_crafting_table":60,"minecraft:leave_game":13,"minecraft:time_since_death":6890,"minecraft:time_since_rest":6924,"minecraft:sprint_one_cm":396230,"minecraft:damage_taken":17060,"minecraft:walk_one_cm":884966,"minecraft:drop":15,"minecraft:damage_dealt":11349,"minecraft:player_kills":1,"minecraft:swim_one_cm":282,"minecraft:open_chest":265,"minecraft:fly_one_cm":256238,"minecraft:play_time":224397,"minecraft:crouch_one_cm":93657,"minecraft:sneak_time":23156,"minecraft:deaths":54,"minecraft:walk_under_water_one_cm":64273,"minecraft:boat_one_cm":6438,"minecraft:jump":1899,"minecraft:walk_on_water_one_cm":16307,"minecraft:total_world_time":224397,"minecraft:fall_one_cm":77422},"minecraft:picked_up":{"rottencreatures:frozen_rotten_flesh":4,"minecraft:crafting_table":1,"minecraft:dark_oak_boat":10,"minecraft:wooden_pickaxe":4,"minecraft:oak_stairs":8,"minecraft:filled_map":1,"minecraft:oak_log":31,"minecraft:gunpowder":17,"minecraft:dirt":39,"minecraft:string":12,"minecraft:moss_carpet":1,"minecraft:bone":12,"minecraft:beetroot":1,"minecraft:apple":5,"minecraft:stone_pickaxe":2,"decayingmobsbackport:eyeball":5,"minecraft:cobblestone_slab":197,"minecraft:moss_block":1,"minecraft:chest":1,"minecraft:stone_hoe":1,"minecraft:dark_oak_sapling":38,"minecraft:stick":45,"minecraft:dark_oak_slab":363,"minecraft:torch":11,"minecraft:sand":1,"minecraft:dark_oak_log":487,"minecraft:spider_eye":3,"minecraft:dark_oak_planks":67,"minecraft:stone_sword":14,"minecraft:arrow":5,"minecraft:cactus":2,"minecraft:stone_shovel":4,"minecraft:rotten_flesh":5,"minecraft:stone_axe":18,"minecraft:birch_sign":1,"minecraft:rooted_dirt":1,"minecraft:oak_sapling":24,"minecraft:snowball":1172,"minecraft:white_wool":2,"minecraft:cobblestone":166},"minecraft:dropped":{"minecraft:stone_axe":3,"minecraft:stone_sword":4,"minecraft:dark_oak_slab":125,"minecraft:stone_shovel":1,"minecraft:cobblestone":1,"minecraft:dirt":8,"minecraft:dark_oak_log":1,"minecraft:torch":8,"minecraft:wooden_pickaxe":1},"minecraft:crafted":{"minecraft:cobblestone_slab":102,"minecraft:stone_shovel":7,"minecraft:stone_axe":7,"minecraft:dark_oak_door":3,"minecraft:dark_oak_slab":1296,"minecraft:wooden_hoe":1,"minecraft:melon_seeds":2,"minecraft:stick":16,"minecraft:cobblestone_wall":48,"minecraft:stone_pickaxe":1,"minecraft:stone_sword":1,"minecraft:snow_block":37,"minecraft:chest":4,"minecraft:dark_oak_planks":872,"minecraft:torch":24},"minecraft:killed_by":{"decayingmobsbackport:weeping_chaser":3,"man:managgresive":1,"decayingmobsbackport:distant_sobber":1,"skinwalker_overhaul:skinwalker_overhaul":6,"screaming_villager:screaming_sheep":1,"minecraft:player":3,"kevin_trophy:zombie_brute":1,"mutantmonsters:mutant_skeleton":1,"minecraft:skeleton":1,"minecraft:creeper":2,"minecraft:witch":1,"minecraft:zombie":2,"minecraft:enderman":2,"torture:torture":1,"jacky:jacky":3,"facelesssteve:facelesscreeper":1,"simon:simon_12":3,"assimilator:assimilator":3,"kim_dweller:kim_dweller":3,"decayingmobsbackport:limb_snatcher":1,"facelesssteve:facelesszombie":5,"rottencreatures:frostbitten":1,"krampus:krampus":2},"minecraft:mined":{"minecraft:dark_oak_planks":1,"minecraft:oak_sapling":2,"minecraft:dark_oak_leaves":15,"minecraft:dark_oak_log":482,"minecraft:crafting_table":1,"minecraft:torch":1,"minecraft:grass_block":9,"minecraft:chest":1,"minecraft:cobblestone":67,"minecraft:moss_block":1,"minecraft:rooted_dirt":1,"minecraft:cactus":2,"minecraft:dark_oak_slab":39,"minecraft:snow":887,"minecraft:cobblestone_slab":25,"minecraft:oak_log":31,"minecraft:sand":1,"minecraft:dirt":33,"minecraft:birch_wall_sign":1,"minecraft:oak_leaves":6},"minecraft:killed":{"minecraft:spider":6,"rottencreatures:frostbitten":4,"thebeastinthedark:the_beast_flees":2,"decayingmobsbackport:half_pig":6,"decayingmobsbackport:eye":2,"minecraft:creeper":5,"rottencreatures:glacial_hunter":1,"decayingmobsbackport:limb_snatcher":1,"decayingmobsbackport:hunted_zombie":6,"facelesssteve:facelesszombie":5,"minecraft:zombie":4,"screaming_villager:screaming_sheep":3,"kevin_trophy:spitter_zombie":1},"minecraft:used":{"minecraft:stone_sword":68,"minecraft:stone_shovel":898,"minecraft:stone_pickaxe":68,"minecraft:chest":5,"minecraft:wooden_pickaxe":34,"minecraft:cobblestone_slab":305,"minecraft:stone_hoe":12,"minecraft:rotten_flesh":1,"minecraft:dirt":69,"minecraft:crafting_table":1,"minecraft:cobblestone_wall":48,"minecraft:carrot":1,"minecraft:snowball":315,"minecraft:pumpkin_seeds":2,"minecraft:dark_oak_door":2,"minecraft:dark_oak_planks":84,"minecraft:wooden_hoe":25,"minecraft:dark_oak_log":2,"minecraft:rooted_dirt":1,"minecraft:oak_stairs":3,"minecraft:dark_oak_slab":965,"minecraft:melon_seeds":2,"minecraft:stone_axe":659,"minecraft:cobblestone":94,"minecraft:dark_oak_boat":4,"minecraft:oak_sapling":11,"minecraft:beetroot_seeds":2,"minecraft:dark_oak_sapling":39}},"DataVersion":3120}