{"stats":{"minecraft:broken":{"minecraft:stone_axe":2,"minecraft:stone_shovel":3},"minecraft:custom":{"minecraft:mob_kills":34,"minecraft:interact_with_crafting_table":44,"minecraft:leave_game":7,"minecraft:time_since_death":5850,"minecraft:time_since_rest":5877,"minecraft:sprint_one_cm":287891,"minecraft:damage_taken":12080,"minecraft:walk_one_cm":696496,"minecraft:drop":10,"minecraft:damage_dealt":9431,"minecraft:swim_one_cm":282,"minecraft:fly_one_cm":168339,"minecraft:player_kills":1,"minecraft:open_chest":183,"minecraft:crouch_one_cm":83113,"minecraft:play_time":174151,"minecraft:sneak_time":20345,"minecraft:deaths":41,"minecraft:walk_under_water_one_cm":64273,"minecraft:jump":1350,"minecraft:walk_on_water_one_cm":15868,"minecraft:total_world_time":174151,"minecraft:fall_one_cm":49622},"minecraft:picked_up":{"rottencreatures:frozen_rotten_flesh":3,"minecraft:crafting_table":1,"minecraft:wooden_pickaxe":4,"minecraft:filled_map":1,"minecraft:oak_log":31,"minecraft:gunpowder":4,"minecraft:dirt":37,"minecraft:string":9,"minecraft:bone":7,"minecraft:beetroot":1,"minecraft:apple":5,"minecraft:stone_pickaxe":2,"decayingmobsbackport:eyeball":2,"minecraft:cobblestone_slab":197,"minecraft:moss_block":1,"minecraft:stone_hoe":1,"minecraft:dark_oak_sapling":37,"minecraft:stick":41,"minecraft:dark_oak_slab":124,"minecraft:torch":11,"minecraft:dark_oak_log":421,"minecraft:spider_eye":2,"minecraft:dark_oak_planks":67,"minecraft:stone_sword":13,"minecraft:arrow":5,"minecraft:stone_shovel":3,"minecraft:rotten_flesh":5,"minecraft:stone_axe":16,"minecraft:birch_sign":1,"minecraft:rooted_dirt":1,"minecraft:oak_sapling":24,"minecraft:snowball":597,"minecraft:white_wool":2,"minecraft:cobblestone":115},"minecraft:dropped":{"minecraft:stone_axe":1,"minecraft:stone_sword":4,"minecraft:stone_shovel":1,"minecraft:cobblestone":1,"minecraft:dirt":8,"minecraft:torch":8,"minecraft:wooden_pickaxe":1},"minecraft:crafted":{"minecraft:cobblestone_slab":102,"minecraft:stone_shovel":4,"minecraft:stone_axe":7,"minecraft:dark_oak_slab":846,"minecraft:melon_seeds":1,"minecraft:stick":8,"minecraft:stone_pickaxe":1,"minecraft:stone_sword":1,"minecraft:snow_block":37,"minecraft:chest":2,"minecraft:dark_oak_planks":616,"minecraft:torch":24},"minecraft:killed_by":{"decayingmobsbackport:weeping_chaser":3,"decayingmobsbackport:distant_sobber":1,"skinwalker_overhaul:skinwalker_overhaul":5,"screaming_villager:screaming_sheep":1,"minecraft:player":2,"minecraft:skeleton":1,"minecraft:creeper":2,"minecraft:zombie":2,"minecraft:enderman":2,"torture:torture":1,"jacky:jacky":3,"facelesssteve:facelesscreeper":1,"assimilator:assimilator":3,"kim_dweller:kim_dweller":3,"facelesssteve:facelesszombie":5,"rottencreatures:frostbitten":1,"krampus:krampus":2},"minecraft:mined":{"minecraft:dark_oak_planks":1,"minecraft:oak_sapling":2,"minecraft:dark_oak_leaves":13,"minecraft:dark_oak_log":413,"minecraft:crafting_table":1,"minecraft:torch":1,"minecraft:grass_block":9,"minecraft:cobblestone":66,"minecraft:moss_block":1,"minecraft:rooted_dirt":1,"minecraft:dark_oak_slab":23,"minecraft:snow":464,"minecraft:oak_log":31,"minecraft:cobblestone_slab":25,"minecraft:dirt":33,"minecraft:birch_wall_sign":1,"minecraft:oak_leaves":6},"minecraft:killed":{"rottencreatures:frostbitten":4,"minecraft:spider":6,"decayingmobsbackport:half_pig":1,"thebeastinthedark:the_beast_flees":2,"decayingmobsbackport:eye":2,"minecraft:creeper":2,"rottencreatures:glacial_hunter":1,"decayingmobsbackport:limb_snatcher":1,"decayingmobsbackport:hunted_zombie":1,"facelesssteve:facelesszombie":5,"minecraft:zombie":3,"screaming_villager:screaming_sheep":3,"kevin_trophy:spitter_zombie":1},"minecraft:used":{"minecraft:stone_sword":68,"minecraft:stone_shovel":471,"minecraft:stone_pickaxe":67,"minecraft:chest":2,"minecraft:wooden_pickaxe":34,"minecraft:cobblestone_slab":301,"minecraft:stone_hoe":12,"minecraft:rotten_flesh":1,"minecraft:dirt":42,"minecraft:crafting_table":1,"minecraft:snowball":293,"minecraft:pumpkin_seeds":1,"minecraft:dark_oak_planks":84,"minecraft:dark_oak_log":2,"minecraft:rooted_dirt":1,"minecraft:dark_oak_slab":752,"minecraft:melon_seeds":1,"minecraft:stone_axe":545,"minecraft:cobblestone":68,"minecraft:oak_sapling":11,"minecraft:beetroot_seeds":1,"minecraft:dark_oak_sapling":36}},"DataVersion":3120}